use new_store;
INSERT INTO Categories (category_id, name, parent_id, sort_order, is_visible, created_at, updated_at) VALUES (1, '电子产品', NULL, 1, TRUE, '2025-06-01 00:59:56', '2025-06-01 00:59:56');
INSERT INTO Categories (category_id, name, parent_id, sort_order, is_visible, created_at, updated_at) VALUES (2, '服装鞋帽', NULL, 2, TRUE, '2025-06-01 00:59:56', '2025-06-01 00:59:56');
INSERT INTO Categories (category_id, name, parent_id, sort_order, is_visible, created_at, updated_at) VALUES (3, '图书音像', NULL, 3, TRUE, '2025-06-01 00:59:56', '2025-06-01 00:59:56');
INSERT INTO Categories (category_id, name, parent_id, sort_order, is_visible, created_at, updated_at) VALUES (4, '家居生活', NULL, 4, TRUE, '2025-06-01 00:59:56', '2025-06-01 00:59:56');
INSERT INTO Categories (category_id, name, parent_id, sort_order, is_visible, created_at, updated_at) VALUES (5, '食品饮料', NULL, 5, TRUE, '2025-06-01 00:59:56', '2025-06-01 00:59:56');
INSERT INTO Categories (category_id, name, parent_id, sort_order, is_visible, created_at, updated_at) VALUES (6, '母婴用品', NULL, 6, TRUE, '2025-06-01 00:59:56', '2025-06-01 00:59:56');
INSERT INTO Categories (category_id, name, parent_id, sort_order, is_visible, created_at, updated_at) VALUES (7, '运动户外', NULL, 7, TRUE, '2025-06-01 00:59:56', '2025-06-01 00:59:56');
INSERT INTO Categories (category_id, name, parent_id, sort_order, is_visible, created_at, updated_at) VALUES (8, '汽车用品', NULL, 8, TRUE, '2025-06-01 00:59:56', '2025-06-01 00:59:56');
INSERT INTO Products (product_id, name, category_id, brand, price, stock, is_on_sale, created_at, updated_at) VALUES (1, '测试商品1', 7, '品牌4', 1654.69, 74, TRUE, '2025-06-01 00:59:56', '2025-06-01 00:59:56');
INSERT INTO ProductDetails (product_id, description, specifications, created_at, updated_at) VALUES (1, '这是测试商品1的描述', '{"颜色":"红色","尺寸":"M"}', '2025-06-01 00:59:56', '2025-06-01 00:59:56');
INSERT INTO Products (product_id, name, category_id, brand, price, stock, is_on_sale, created_at, updated_at) VALUES (2, '测试商品2', 8, '品牌4', 482.8, 225, TRUE, '2025-06-01 00:59:56', '2025-06-01 00:59:56');
INSERT INTO ProductDetails (product_id, description, specifications, created_at, updated_at) VALUES (2, '这是测试商品2的描述', '{"颜色":"红色","尺寸":"M"}', '2025-06-01 00:59:56', '2025-06-01 00:59:56');
INSERT INTO Products (product_id, name, category_id, brand, price, stock, is_on_sale, created_at, updated_at) VALUES (3, '测试商品3', 1, '品牌6', 306.87, 207, TRUE, '2025-06-01 00:59:56', '2025-06-01 00:59:56');
INSERT INTO ProductDetails (product_id, description, specifications, created_at, updated_at) VALUES (3, '这是测试商品3的描述', '{"颜色":"红色","尺寸":"M"}', '2025-06-01 00:59:56', '2025-06-01 00:59:56');
INSERT INTO Products (product_id, name, category_id, brand, price, stock, is_on_sale, created_at, updated_at) VALUES (4, '测试商品4', 3, '品牌8', 1719.33, 167, TRUE, '2025-06-01 00:59:56', '2025-06-01 00:59:56');
INSERT INTO ProductDetails (product_id, description, specifications, created_at, updated_at) VALUES (4, '这是测试商品4的描述', '{"颜色":"红色","尺寸":"M"}', '2025-06-01 00:59:56', '2025-06-01 00:59:56');
INSERT INTO Products (product_id, name, category_id, brand, price, stock, is_on_sale, created_at, updated_at) VALUES (5, '测试商品5', 4, '品牌9', 808.81, 114, TRUE, '2025-06-01 00:59:56', '2025-06-01 00:59:56');
INSERT INTO ProductDetails (product_id, description, specifications, created_at, updated_at) VALUES (5, '这是测试商品5的描述', '{"颜色":"红色","尺寸":"M"}', '2025-06-01 00:59:56', '2025-06-01 00:59:56');
INSERT INTO Products (product_id, name, category_id, brand, price, stock, is_on_sale, created_at, updated_at) VALUES (6, '测试商品6', 2, '品牌2', 1320.48, 125, TRUE, '2025-06-01 00:59:56', '2025-06-01 00:59:56');
INSERT INTO ProductDetails (product_id, description, specifications, created_at, updated_at) VALUES (6, '这是测试商品6的描述', '{"颜色":"红色","尺寸":"M"}', '2025-06-01 00:59:56', '2025-06-01 00:59:56');
INSERT INTO Products (product_id, name, category_id, brand, price, stock, is_on_sale, created_at, updated_at) VALUES (7, '测试商品7', 6, '品牌10', 21.32, 290, TRUE, '2025-06-01 00:59:56', '2025-06-01 00:59:56');
INSERT INTO ProductDetails (product_id, description, specifications, created_at, updated_at) VALUES (7, '这是测试商品7的描述', '{"颜色":"红色","尺寸":"M"}', '2025-06-01 00:59:56', '2025-06-01 00:59:56');
INSERT INTO Products (product_id, name, category_id, brand, price, stock, is_on_sale, created_at, updated_at) VALUES (8, '测试商品8', 8, '品牌9', 1484.28, 253, TRUE, '2025-06-01 00:59:56', '2025-06-01 00:59:56');
INSERT INTO ProductDetails (product_id, description, specifications, created_at, updated_at) VALUES (8, '这是测试商品8的描述', '{"颜色":"红色","尺寸":"M"}', '2025-06-01 00:59:56', '2025-06-01 00:59:56');
INSERT INTO Products (product_id, name, category_id, brand, price, stock, is_on_sale, created_at, updated_at) VALUES (9, '测试商品9', 1, '品牌8', 1637.82, 141, TRUE, '2025-06-01 00:59:56', '2025-06-01 00:59:56');
INSERT INTO ProductDetails (product_id, description, specifications, created_at, updated_at) VALUES (9, '这是测试商品9的描述', '{"颜色":"红色","尺寸":"M"}', '2025-06-01 00:59:56', '2025-06-01 00:59:56');
INSERT INTO Products (product_id, name, category_id, brand, price, stock, is_on_sale, created_at, updated_at) VALUES (10, '测试商品10', 5, '品牌10', 800.26, 279, TRUE, '2025-06-01 00:59:56', '2025-06-01 00:59:56');
INSERT INTO ProductDetails (product_id, description, specifications, created_at, updated_at) VALUES (10, '这是测试商品10的描述', '{"颜色":"红色","尺寸":"M"}', '2025-06-01 00:59:56', '2025-06-01 00:59:56');
INSERT INTO Products (product_id, name, category_id, brand, price, stock, is_on_sale, created_at, updated_at) VALUES (11, '测试商品11', 8, '品牌7', 1238.4, 64, TRUE, '2025-06-01 00:59:56', '2025-06-01 00:59:56');
INSERT INTO ProductDetails (product_id, description, specifications, created_at, updated_at) VALUES (11, '这是测试商品11的描述', '{"颜色":"红色","尺寸":"M"}', '2025-06-01 00:59:56', '2025-06-01 00:59:56');
INSERT INTO Products (product_id, name, category_id, brand, price, stock, is_on_sale, created_at, updated_at) VALUES (12, '测试商品12', 5, '品牌9', 1388.37, 478, TRUE, '2025-06-01 00:59:56', '2025-06-01 00:59:56');
INSERT INTO ProductDetails (product_id, description, specifications, created_at, updated_at) VALUES (12, '这是测试商品12的描述', '{"颜色":"红色","尺寸":"M"}', '2025-06-01 00:59:56', '2025-06-01 00:59:56');
INSERT INTO Products (product_id, name, category_id, brand, price, stock, is_on_sale, created_at, updated_at) VALUES (13, '测试商品13', 8, '品牌2', 1569.25, 200, TRUE, '2025-06-01 00:59:56', '2025-06-01 00:59:56');
INSERT INTO ProductDetails (product_id, description, specifications, created_at, updated_at) VALUES (13, '这是测试商品13的描述', '{"颜色":"红色","尺寸":"M"}', '2025-06-01 00:59:56', '2025-06-01 00:59:56');
INSERT INTO Products (product_id, name, category_id, brand, price, stock, is_on_sale, created_at, updated_at) VALUES (14, '测试商品14', 4, '品牌8', 171.29, 274, TRUE, '2025-06-01 00:59:56', '2025-06-01 00:59:56');
INSERT INTO ProductDetails (product_id, description, specifications, created_at, updated_at) VALUES (14, '这是测试商品14的描述', '{"颜色":"红色","尺寸":"M"}', '2025-06-01 00:59:56', '2025-06-01 00:59:56');
INSERT INTO Products (product_id, name, category_id, brand, price, stock, is_on_sale, created_at, updated_at) VALUES (15, '测试商品15', 2, '品牌9', 12.64, 144, TRUE, '2025-06-01 00:59:56', '2025-06-01 00:59:56');
INSERT INTO ProductDetails (product_id, description, specifications, created_at, updated_at) VALUES (15, '这是测试商品15的描述', '{"颜色":"红色","尺寸":"M"}', '2025-06-01 00:59:56', '2025-06-01 00:59:56');
INSERT INTO Products (product_id, name, category_id, brand, price, stock, is_on_sale, created_at, updated_at) VALUES (16, '测试商品16', 8, '品牌9', 1237.09, 89, TRUE, '2025-06-01 00:59:56', '2025-06-01 00:59:56');
INSERT INTO ProductDetails (product_id, description, specifications, created_at, updated_at) VALUES (16, '这是测试商品16的描述', '{"颜色":"红色","尺寸":"M"}', '2025-06-01 00:59:56', '2025-06-01 00:59:56');
INSERT INTO Products (product_id, name, category_id, brand, price, stock, is_on_sale, created_at, updated_at) VALUES (17, '测试商品17', 2, '品牌6', 1822.44, 209, TRUE, '2025-06-01 00:59:56', '2025-06-01 00:59:56');
INSERT INTO ProductDetails (product_id, description, specifications, created_at, updated_at) VALUES (17, '这是测试商品17的描述', '{"颜色":"红色","尺寸":"M"}', '2025-06-01 00:59:56', '2025-06-01 00:59:56');
INSERT INTO Products (product_id, name, category_id, brand, price, stock, is_on_sale, created_at, updated_at) VALUES (18, '测试商品18', 5, '品牌6', 316.25, 236, TRUE, '2025-06-01 00:59:56', '2025-06-01 00:59:56');
INSERT INTO ProductDetails (product_id, description, specifications, created_at, updated_at) VALUES (18, '这是测试商品18的描述', '{"颜色":"红色","尺寸":"M"}', '2025-06-01 00:59:56', '2025-06-01 00:59:56');
INSERT INTO Products (product_id, name, category_id, brand, price, stock, is_on_sale, created_at, updated_at) VALUES (19, '测试商品19', 3, '品牌10', 1478.91, 15, TRUE, '2025-06-01 00:59:56', '2025-06-01 00:59:56');
INSERT INTO ProductDetails (product_id, description, specifications, created_at, updated_at) VALUES (19, '这是测试商品19的描述', '{"颜色":"红色","尺寸":"M"}', '2025-06-01 00:59:56', '2025-06-01 00:59:56');
INSERT INTO Products (product_id, name, category_id, brand, price, stock, is_on_sale, created_at, updated_at) VALUES (20, '测试商品20', 6, '品牌7', 839.55, 450, TRUE, '2025-06-01 00:59:56', '2025-06-01 00:59:56');
INSERT INTO ProductDetails (product_id, description, specifications, created_at, updated_at) VALUES (20, '这是测试商品20的描述', '{"颜色":"红色","尺寸":"M"}', '2025-06-01 00:59:56', '2025-06-01 00:59:56');
INSERT INTO Products (product_id, name, category_id, brand, price, stock, is_on_sale, created_at, updated_at) VALUES (21, '测试商品21', 1, '品牌1', 372.59, 410, TRUE, '2025-06-01 00:59:56', '2025-06-01 00:59:56');
INSERT INTO ProductDetails (product_id, description, specifications, created_at, updated_at) VALUES (21, '这是测试商品21的描述', '{"颜色":"红色","尺寸":"M"}', '2025-06-01 00:59:56', '2025-06-01 00:59:56');
INSERT INTO Products (product_id, name, category_id, brand, price, stock, is_on_sale, created_at, updated_at) VALUES (22, '测试商品22', 8, '品牌4', 1283.5, 227, TRUE, '2025-06-01 00:59:56', '2025-06-01 00:59:56');
INSERT INTO ProductDetails (product_id, description, specifications, created_at, updated_at) VALUES (22, '这是测试商品22的描述', '{"颜色":"红色","尺寸":"M"}', '2025-06-01 00:59:56', '2025-06-01 00:59:56');
INSERT INTO Products (product_id, name, category_id, brand, price, stock, is_on_sale, created_at, updated_at) VALUES (23, '测试商品23', 8, '品牌6', 283.29, 476, TRUE, '2025-06-01 00:59:56', '2025-06-01 00:59:56');
INSERT INTO ProductDetails (product_id, description, specifications, created_at, updated_at) VALUES (23, '这是测试商品23的描述', '{"颜色":"红色","尺寸":"M"}', '2025-06-01 00:59:56', '2025-06-01 00:59:56');
INSERT INTO Products (product_id, name, category_id, brand, price, stock, is_on_sale, created_at, updated_at) VALUES (24, '测试商品24', 6, '品牌1', 1680.55, 489, TRUE, '2025-06-01 00:59:56', '2025-06-01 00:59:56');
INSERT INTO ProductDetails (product_id, description, specifications, created_at, updated_at) VALUES (24, '这是测试商品24的描述', '{"颜色":"红色","尺寸":"M"}', '2025-06-01 00:59:56', '2025-06-01 00:59:56');
INSERT INTO Products (product_id, name, category_id, brand, price, stock, is_on_sale, created_at, updated_at) VALUES (25, '测试商品25', 1, '品牌5', 1062.67, 227, TRUE, '2025-06-01 00:59:56', '2025-06-01 00:59:56');
INSERT INTO ProductDetails (product_id, description, specifications, created_at, updated_at) VALUES (25, '这是测试商品25的描述', '{"颜色":"红色","尺寸":"M"}', '2025-06-01 00:59:56', '2025-06-01 00:59:56');
INSERT INTO Products (product_id, name, category_id, brand, price, stock, is_on_sale, created_at, updated_at) VALUES (26, '测试商品26', 1, '品牌9', 1300.21, 306, TRUE, '2025-06-01 00:59:56', '2025-06-01 00:59:56');
INSERT INTO ProductDetails (product_id, description, specifications, created_at, updated_at) VALUES (26, '这是测试商品26的描述', '{"颜色":"红色","尺寸":"M"}', '2025-06-01 00:59:56', '2025-06-01 00:59:56');
INSERT INTO Products (product_id, name, category_id, brand, price, stock, is_on_sale, created_at, updated_at) VALUES (27, '测试商品27', 3, '品牌9', 647.83, 375, TRUE, '2025-06-01 00:59:56', '2025-06-01 00:59:56');
INSERT INTO ProductDetails (product_id, description, specifications, created_at, updated_at) VALUES (27, '这是测试商品27的描述', '{"颜色":"红色","尺寸":"M"}', '2025-06-01 00:59:56', '2025-06-01 00:59:56');
INSERT INTO Products (product_id, name, category_id, brand, price, stock, is_on_sale, created_at, updated_at) VALUES (28, '测试商品28', 7, '品牌2', 1416.67, 428, TRUE, '2025-06-01 00:59:56', '2025-06-01 00:59:56');
INSERT INTO ProductDetails (product_id, description, specifications, created_at, updated_at) VALUES (28, '这是测试商品28的描述', '{"颜色":"红色","尺寸":"M"}', '2025-06-01 00:59:56', '2025-06-01 00:59:56');
INSERT INTO Products (product_id, name, category_id, brand, price, stock, is_on_sale, created_at, updated_at) VALUES (29, '测试商品29', 2, '品牌7', 151.03, 333, TRUE, '2025-06-01 00:59:56', '2025-06-01 00:59:56');
INSERT INTO ProductDetails (product_id, description, specifications, created_at, updated_at) VALUES (29, '这是测试商品29的描述', '{"颜色":"红色","尺寸":"M"}', '2025-06-01 00:59:56', '2025-06-01 00:59:56');
INSERT INTO Products (product_id, name, category_id, brand, price, stock, is_on_sale, created_at, updated_at) VALUES (30, '测试商品30', 5, '品牌2', 1824.48, 278, TRUE, '2025-06-01 00:59:56', '2025-06-01 00:59:56');
INSERT INTO ProductDetails (product_id, description, specifications, created_at, updated_at) VALUES (30, '这是测试商品30的描述', '{"颜色":"红色","尺寸":"M"}', '2025-06-01 00:59:56', '2025-06-01 00:59:56');
INSERT INTO Products (product_id, name, category_id, brand, price, stock, is_on_sale, created_at, updated_at) VALUES (31, '测试商品31', 3, '品牌4', 1962.49, 165, TRUE, '2025-06-01 00:59:56', '2025-06-01 00:59:56');
INSERT INTO ProductDetails (product_id, description, specifications, created_at, updated_at) VALUES (31, '这是测试商品31的描述', '{"颜色":"红色","尺寸":"M"}', '2025-06-01 00:59:56', '2025-06-01 00:59:56');
INSERT INTO Products (product_id, name, category_id, brand, price, stock, is_on_sale, created_at, updated_at) VALUES (32, '测试商品32', 7, '品牌8', 819.5, 101, TRUE, '2025-06-01 00:59:56', '2025-06-01 00:59:56');
INSERT INTO ProductDetails (product_id, description, specifications, created_at, updated_at) VALUES (32, '这是测试商品32的描述', '{"颜色":"红色","尺寸":"M"}', '2025-06-01 00:59:56', '2025-06-01 00:59:56');
INSERT INTO Products (product_id, name, category_id, brand, price, stock, is_on_sale, created_at, updated_at) VALUES (33, '测试商品33', 8, '品牌6', 1241.98, 464, TRUE, '2025-06-01 00:59:56', '2025-06-01 00:59:56');
INSERT INTO ProductDetails (product_id, description, specifications, created_at, updated_at) VALUES (33, '这是测试商品33的描述', '{"颜色":"红色","尺寸":"M"}', '2025-06-01 00:59:56', '2025-06-01 00:59:56');
INSERT INTO Products (product_id, name, category_id, brand, price, stock, is_on_sale, created_at, updated_at) VALUES (34, '测试商品34', 7, '品牌6', 678.8, 301, TRUE, '2025-06-01 00:59:56', '2025-06-01 00:59:56');
INSERT INTO ProductDetails (product_id, description, specifications, created_at, updated_at) VALUES (34, '这是测试商品34的描述', '{"颜色":"红色","尺寸":"M"}', '2025-06-01 00:59:56', '2025-06-01 00:59:56');
INSERT INTO Products (product_id, name, category_id, brand, price, stock, is_on_sale, created_at, updated_at) VALUES (35, '测试商品35', 8, '品牌9', 86.17, 139, TRUE, '2025-06-01 00:59:56', '2025-06-01 00:59:56');
INSERT INTO ProductDetails (product_id, description, specifications, created_at, updated_at) VALUES (35, '这是测试商品35的描述', '{"颜色":"红色","尺寸":"M"}', '2025-06-01 00:59:56', '2025-06-01 00:59:56');
INSERT INTO Products (product_id, name, category_id, brand, price, stock, is_on_sale, created_at, updated_at) VALUES (36, '测试商品36', 3, '品牌1', 850.19, 81, TRUE, '2025-06-01 00:59:56', '2025-06-01 00:59:56');
INSERT INTO ProductDetails (product_id, description, specifications, created_at, updated_at) VALUES (36, '这是测试商品36的描述', '{"颜色":"红色","尺寸":"M"}', '2025-06-01 00:59:56', '2025-06-01 00:59:56');
INSERT INTO Products (product_id, name, category_id, brand, price, stock, is_on_sale, created_at, updated_at) VALUES (37, '测试商品37', 7, '品牌2', 1302.21, 328, TRUE, '2025-06-01 00:59:56', '2025-06-01 00:59:56');
INSERT INTO ProductDetails (product_id, description, specifications, created_at, updated_at) VALUES (37, '这是测试商品37的描述', '{"颜色":"红色","尺寸":"M"}', '2025-06-01 00:59:56', '2025-06-01 00:59:56');
INSERT INTO Products (product_id, name, category_id, brand, price, stock, is_on_sale, created_at, updated_at) VALUES (38, '测试商品38', 1, '品牌10', 1875.81, 146, TRUE, '2025-06-01 00:59:56', '2025-06-01 00:59:56');
INSERT INTO ProductDetails (product_id, description, specifications, created_at, updated_at) VALUES (38, '这是测试商品38的描述', '{"颜色":"红色","尺寸":"M"}', '2025-06-01 00:59:56', '2025-06-01 00:59:56');
INSERT INTO Products (product_id, name, category_id, brand, price, stock, is_on_sale, created_at, updated_at) VALUES (39, '测试商品39', 6, '品牌10', 239.4, 236, TRUE, '2025-06-01 00:59:56', '2025-06-01 00:59:56');
INSERT INTO ProductDetails (product_id, description, specifications, created_at, updated_at) VALUES (39, '这是测试商品39的描述', '{"颜色":"红色","尺寸":"M"}', '2025-06-01 00:59:56', '2025-06-01 00:59:56');
INSERT INTO Products (product_id, name, category_id, brand, price, stock, is_on_sale, created_at, updated_at) VALUES (40, '测试商品40', 5, '品牌4', 122.81, 480, TRUE, '2025-06-01 00:59:56', '2025-06-01 00:59:56');
INSERT INTO ProductDetails (product_id, description, specifications, created_at, updated_at) VALUES (40, '这是测试商品40的描述', '{"颜色":"红色","尺寸":"M"}', '2025-06-01 00:59:56', '2025-06-01 00:59:56');
INSERT INTO Products (product_id, name, category_id, brand, price, stock, is_on_sale, created_at, updated_at) VALUES (41, '测试商品41', 2, '品牌8', 1405.58, 491, TRUE, '2025-06-01 00:59:56', '2025-06-01 00:59:56');
INSERT INTO ProductDetails (product_id, description, specifications, created_at, updated_at) VALUES (41, '这是测试商品41的描述', '{"颜色":"红色","尺寸":"M"}', '2025-06-01 00:59:56', '2025-06-01 00:59:56');
INSERT INTO Products (product_id, name, category_id, brand, price, stock, is_on_sale, created_at, updated_at) VALUES (42, '测试商品42', 4, '品牌3', 1754.09, 341, TRUE, '2025-06-01 00:59:56', '2025-06-01 00:59:56');
INSERT INTO ProductDetails (product_id, description, specifications, created_at, updated_at) VALUES (42, '这是测试商品42的描述', '{"颜色":"红色","尺寸":"M"}', '2025-06-01 00:59:56', '2025-06-01 00:59:56');
INSERT INTO Products (product_id, name, category_id, brand, price, stock, is_on_sale, created_at, updated_at) VALUES (43, '测试商品43', 5, '品牌10', 521.18, 156, TRUE, '2025-06-01 00:59:56', '2025-06-01 00:59:56');
INSERT INTO ProductDetails (product_id, description, specifications, created_at, updated_at) VALUES (43, '这是测试商品43的描述', '{"颜色":"红色","尺寸":"M"}', '2025-06-01 00:59:56', '2025-06-01 00:59:56');
INSERT INTO Products (product_id, name, category_id, brand, price, stock, is_on_sale, created_at, updated_at) VALUES (44, '测试商品44', 8, '品牌9', 1423.81, 247, TRUE, '2025-06-01 00:59:56', '2025-06-01 00:59:56');
INSERT INTO ProductDetails (product_id, description, specifications, created_at, updated_at) VALUES (44, '这是测试商品44的描述', '{"颜色":"红色","尺寸":"M"}', '2025-06-01 00:59:56', '2025-06-01 00:59:56');
INSERT INTO Products (product_id, name, category_id, brand, price, stock, is_on_sale, created_at, updated_at) VALUES (45, '测试商品45', 1, '品牌6', 820.05, 438, TRUE, '2025-06-01 00:59:56', '2025-06-01 00:59:56');
INSERT INTO ProductDetails (product_id, description, specifications, created_at, updated_at) VALUES (45, '这是测试商品45的描述', '{"颜色":"红色","尺寸":"M"}', '2025-06-01 00:59:56', '2025-06-01 00:59:56');
INSERT INTO Products (product_id, name, category_id, brand, price, stock, is_on_sale, created_at, updated_at) VALUES (46, '测试商品46', 5, '品牌9', 1579.22, 345, TRUE, '2025-06-01 00:59:56', '2025-06-01 00:59:56');
INSERT INTO ProductDetails (product_id, description, specifications, created_at, updated_at) VALUES (46, '这是测试商品46的描述', '{"颜色":"红色","尺寸":"M"}', '2025-06-01 00:59:56', '2025-06-01 00:59:56');
INSERT INTO Products (product_id, name, category_id, brand, price, stock, is_on_sale, created_at, updated_at) VALUES (47, '测试商品47', 7, '品牌9', 1368.51, 271, TRUE, '2025-06-01 00:59:56', '2025-06-01 00:59:56');
INSERT INTO ProductDetails (product_id, description, specifications, created_at, updated_at) VALUES (47, '这是测试商品47的描述', '{"颜色":"红色","尺寸":"M"}', '2025-06-01 00:59:56', '2025-06-01 00:59:56');
INSERT INTO Products (product_id, name, category_id, brand, price, stock, is_on_sale, created_at, updated_at) VALUES (48, '测试商品48', 4, '品牌5', 1731.31, 214, TRUE, '2025-06-01 00:59:56', '2025-06-01 00:59:56');
INSERT INTO ProductDetails (product_id, description, specifications, created_at, updated_at) VALUES (48, '这是测试商品48的描述', '{"颜色":"红色","尺寸":"M"}', '2025-06-01 00:59:56', '2025-06-01 00:59:56');
INSERT INTO Products (product_id, name, category_id, brand, price, stock, is_on_sale, created_at, updated_at) VALUES (49, '测试商品49', 4, '品牌10', 1369.62, 458, TRUE, '2025-06-01 00:59:56', '2025-06-01 00:59:56');
INSERT INTO ProductDetails (product_id, description, specifications, created_at, updated_at) VALUES (49, '这是测试商品49的描述', '{"颜色":"红色","尺寸":"M"}', '2025-06-01 00:59:56', '2025-06-01 00:59:56');
INSERT INTO Products (product_id, name, category_id, brand, price, stock, is_on_sale, created_at, updated_at) VALUES (50, '测试商品50', 7, '品牌10', 1133.31, 63, TRUE, '2025-06-01 00:59:56', '2025-06-01 00:59:56');
INSERT INTO ProductDetails (product_id, description, specifications, created_at, updated_at) VALUES (50, '这是测试商品50的描述', '{"颜色":"红色","尺寸":"M"}', '2025-06-01 00:59:56', '2025-06-01 00:59:56');
INSERT INTO ProductSKUs (sku_id, product_id, sku_code, attributes, price, stock, created_at, updated_at) VALUES (1, 1, '3d28d94b-e', '{"颜色":"蓝色","尺寸":"L"}', 43.98, 40, '2025-06-01 00:59:56', '2025-06-01 00:59:56');
INSERT INTO ProductSKUs (sku_id, product_id, sku_code, attributes, price, stock, created_at, updated_at) VALUES (2, 2, '7b683662-d', '{"颜色":"蓝色","尺寸":"L"}', 292.78, 159, '2025-06-01 00:59:56', '2025-06-01 00:59:56');
INSERT INTO ProductSKUs (sku_id, product_id, sku_code, attributes, price, stock, created_at, updated_at) VALUES (3, 3, 'd259c10f-2', '{"颜色":"蓝色","尺寸":"L"}', 950.15, 65, '2025-06-01 00:59:56', '2025-06-01 00:59:56');
INSERT INTO ProductSKUs (sku_id, product_id, sku_code, attributes, price, stock, created_at, updated_at) VALUES (4, 4, 'c51a4e71-c', '{"颜色":"蓝色","尺寸":"L"}', 1215.24, 215, '2025-06-01 00:59:56', '2025-06-01 00:59:56');
INSERT INTO ProductSKUs (sku_id, product_id, sku_code, attributes, price, stock, created_at, updated_at) VALUES (5, 5, '7ab4cea3-3', '{"颜色":"蓝色","尺寸":"L"}', 651.01, 175, '2025-06-01 00:59:56', '2025-06-01 00:59:56');
INSERT INTO ProductSKUs (sku_id, product_id, sku_code, attributes, price, stock, created_at, updated_at) VALUES (6, 6, '51961fda-5', '{"颜色":"蓝色","尺寸":"L"}', 219.77, 173, '2025-06-01 00:59:56', '2025-06-01 00:59:56');
INSERT INTO ProductSKUs (sku_id, product_id, sku_code, attributes, price, stock, created_at, updated_at) VALUES (7, 7, '2047b8c0-2', '{"颜色":"蓝色","尺寸":"L"}', 388.84, 297, '2025-06-01 00:59:56', '2025-06-01 00:59:56');
INSERT INTO ProductSKUs (sku_id, product_id, sku_code, attributes, price, stock, created_at, updated_at) VALUES (8, 8, '14b443c9-a', '{"颜色":"蓝色","尺寸":"L"}', 1658.69, 288, '2025-06-01 00:59:56', '2025-06-01 00:59:56');
INSERT INTO ProductSKUs (sku_id, product_id, sku_code, attributes, price, stock, created_at, updated_at) VALUES (9, 9, '115aa3f5-1', '{"颜色":"蓝色","尺寸":"L"}', 902.99, 99, '2025-06-01 00:59:56', '2025-06-01 00:59:56');
INSERT INTO ProductSKUs (sku_id, product_id, sku_code, attributes, price, stock, created_at, updated_at) VALUES (10, 10, 'cc651e58-7', '{"颜色":"蓝色","尺寸":"L"}', 1933.16, 169, '2025-06-01 00:59:56', '2025-06-01 00:59:56');
INSERT INTO ProductSKUs (sku_id, product_id, sku_code, attributes, price, stock, created_at, updated_at) VALUES (11, 11, '6d49e09a-2', '{"颜色":"蓝色","尺寸":"L"}', 982.04, 229, '2025-06-01 00:59:56', '2025-06-01 00:59:56');
INSERT INTO ProductSKUs (sku_id, product_id, sku_code, attributes, price, stock, created_at, updated_at) VALUES (12, 12, 'c058c319-6', '{"颜色":"蓝色","尺寸":"L"}', 367.19, 120, '2025-06-01 00:59:56', '2025-06-01 00:59:56');
INSERT INTO ProductSKUs (sku_id, product_id, sku_code, attributes, price, stock, created_at, updated_at) VALUES (13, 13, '5b24b8e2-c', '{"颜色":"蓝色","尺寸":"L"}', 533.81, 226, '2025-06-01 00:59:56', '2025-06-01 00:59:56');
INSERT INTO ProductSKUs (sku_id, product_id, sku_code, attributes, price, stock, created_at, updated_at) VALUES (14, 14, '21569de7-9', '{"颜色":"蓝色","尺寸":"L"}', 1889.3, 282, '2025-06-01 00:59:56', '2025-06-01 00:59:56');
INSERT INTO ProductSKUs (sku_id, product_id, sku_code, attributes, price, stock, created_at, updated_at) VALUES (15, 15, '204382e3-9', '{"颜色":"蓝色","尺寸":"L"}', 1050.42, 101, '2025-06-01 00:59:56', '2025-06-01 00:59:56');
INSERT INTO ProductSKUs (sku_id, product_id, sku_code, attributes, price, stock, created_at, updated_at) VALUES (16, 16, '0fee8c5e-c', '{"颜色":"蓝色","尺寸":"L"}', 1555.41, 257, '2025-06-01 00:59:56', '2025-06-01 00:59:56');
INSERT INTO ProductSKUs (sku_id, product_id, sku_code, attributes, price, stock, created_at, updated_at) VALUES (17, 17, '9b034bc6-9', '{"颜色":"蓝色","尺寸":"L"}', 138.71, 99, '2025-06-01 00:59:56', '2025-06-01 00:59:56');
INSERT INTO ProductSKUs (sku_id, product_id, sku_code, attributes, price, stock, created_at, updated_at) VALUES (18, 18, 'db781e52-0', '{"颜色":"蓝色","尺寸":"L"}', 1459.32, 63, '2025-06-01 00:59:56', '2025-06-01 00:59:56');
INSERT INTO ProductSKUs (sku_id, product_id, sku_code, attributes, price, stock, created_at, updated_at) VALUES (19, 19, '46f551e7-d', '{"颜色":"蓝色","尺寸":"L"}', 37.47, 258, '2025-06-01 00:59:56', '2025-06-01 00:59:56');
INSERT INTO ProductSKUs (sku_id, product_id, sku_code, attributes, price, stock, created_at, updated_at) VALUES (20, 20, '416f272e-a', '{"颜色":"蓝色","尺寸":"L"}', 1844.23, 273, '2025-06-01 00:59:56', '2025-06-01 00:59:56');
INSERT INTO ProductSKUs (sku_id, product_id, sku_code, attributes, price, stock, created_at, updated_at) VALUES (21, 21, '27d58ad0-7', '{"颜色":"蓝色","尺寸":"L"}', 1262.72, 292, '2025-06-01 00:59:56', '2025-06-01 00:59:56');
INSERT INTO ProductSKUs (sku_id, product_id, sku_code, attributes, price, stock, created_at, updated_at) VALUES (22, 22, '7673ee53-7', '{"颜色":"蓝色","尺寸":"L"}', 1033.87, 248, '2025-06-01 00:59:56', '2025-06-01 00:59:56');
INSERT INTO ProductSKUs (sku_id, product_id, sku_code, attributes, price, stock, created_at, updated_at) VALUES (23, 23, '411d2fb1-a', '{"颜色":"蓝色","尺寸":"L"}', 1590.46, 99, '2025-06-01 00:59:56', '2025-06-01 00:59:56');
INSERT INTO ProductSKUs (sku_id, product_id, sku_code, attributes, price, stock, created_at, updated_at) VALUES (24, 24, '808e3d09-d', '{"颜色":"蓝色","尺寸":"L"}', 1676.7, 236, '2025-06-01 00:59:56', '2025-06-01 00:59:56');
INSERT INTO ProductSKUs (sku_id, product_id, sku_code, attributes, price, stock, created_at, updated_at) VALUES (25, 25, '0bdaea73-e', '{"颜色":"蓝色","尺寸":"L"}', 317.69, 275, '2025-06-01 00:59:56', '2025-06-01 00:59:56');
INSERT INTO ProductSKUs (sku_id, product_id, sku_code, attributes, price, stock, created_at, updated_at) VALUES (26, 26, '1112764a-e', '{"颜色":"蓝色","尺寸":"L"}', 1686.55, 103, '2025-06-01 00:59:56', '2025-06-01 00:59:56');
INSERT INTO ProductSKUs (sku_id, product_id, sku_code, attributes, price, stock, created_at, updated_at) VALUES (27, 27, 'e6532134-a', '{"颜色":"蓝色","尺寸":"L"}', 729.83, 147, '2025-06-01 00:59:56', '2025-06-01 00:59:56');
INSERT INTO ProductSKUs (sku_id, product_id, sku_code, attributes, price, stock, created_at, updated_at) VALUES (28, 28, '69a1cbb3-7', '{"颜色":"蓝色","尺寸":"L"}', 569.93, 131, '2025-06-01 00:59:56', '2025-06-01 00:59:56');
INSERT INTO ProductSKUs (sku_id, product_id, sku_code, attributes, price, stock, created_at, updated_at) VALUES (29, 29, '7da43588-9', '{"颜色":"蓝色","尺寸":"L"}', 1516.94, 271, '2025-06-01 00:59:56', '2025-06-01 00:59:56');
INSERT INTO ProductSKUs (sku_id, product_id, sku_code, attributes, price, stock, created_at, updated_at) VALUES (30, 30, '626e97dc-a', '{"颜色":"蓝色","尺寸":"L"}', 1297.52, 27, '2025-06-01 00:59:56', '2025-06-01 00:59:56');
INSERT INTO ProductSKUs (sku_id, product_id, sku_code, attributes, price, stock, created_at, updated_at) VALUES (31, 31, '8104d17c-7', '{"颜色":"蓝色","尺寸":"L"}', 821.77, 16, '2025-06-01 00:59:56', '2025-06-01 00:59:56');
INSERT INTO ProductSKUs (sku_id, product_id, sku_code, attributes, price, stock, created_at, updated_at) VALUES (32, 32, 'ba7dd5aa-1', '{"颜色":"蓝色","尺寸":"L"}', 287.5, 11, '2025-06-01 00:59:56', '2025-06-01 00:59:56');
INSERT INTO ProductSKUs (sku_id, product_id, sku_code, attributes, price, stock, created_at, updated_at) VALUES (33, 33, '5b785076-7', '{"颜色":"蓝色","尺寸":"L"}', 978.85, 288, '2025-06-01 00:59:56', '2025-06-01 00:59:56');
INSERT INTO ProductSKUs (sku_id, product_id, sku_code, attributes, price, stock, created_at, updated_at) VALUES (34, 34, '6008da2a-b', '{"颜色":"蓝色","尺寸":"L"}', 1910.65, 71, '2025-06-01 00:59:56', '2025-06-01 00:59:56');
INSERT INTO ProductSKUs (sku_id, product_id, sku_code, attributes, price, stock, created_at, updated_at) VALUES (35, 35, 'd5e4ca90-9', '{"颜色":"蓝色","尺寸":"L"}', 544.13, 170, '2025-06-01 00:59:56', '2025-06-01 00:59:56');
INSERT INTO ProductSKUs (sku_id, product_id, sku_code, attributes, price, stock, created_at, updated_at) VALUES (36, 36, 'ff0f824e-7', '{"颜色":"蓝色","尺寸":"L"}', 1525.65, 243, '2025-06-01 00:59:56', '2025-06-01 00:59:56');
INSERT INTO ProductSKUs (sku_id, product_id, sku_code, attributes, price, stock, created_at, updated_at) VALUES (37, 37, '96cff171-c', '{"颜色":"蓝色","尺寸":"L"}', 908.77, 157, '2025-06-01 00:59:56', '2025-06-01 00:59:56');
INSERT INTO ProductSKUs (sku_id, product_id, sku_code, attributes, price, stock, created_at, updated_at) VALUES (38, 38, 'c37b7614-4', '{"颜色":"蓝色","尺寸":"L"}', 1712.8, 106, '2025-06-01 00:59:56', '2025-06-01 00:59:56');
INSERT INTO ProductSKUs (sku_id, product_id, sku_code, attributes, price, stock, created_at, updated_at) VALUES (39, 39, '50475d01-3', '{"颜色":"蓝色","尺寸":"L"}', 1857.65, 165, '2025-06-01 00:59:56', '2025-06-01 00:59:56');
INSERT INTO ProductSKUs (sku_id, product_id, sku_code, attributes, price, stock, created_at, updated_at) VALUES (40, 40, '32b62ccf-7', '{"颜色":"蓝色","尺寸":"L"}', 1292.79, 114, '2025-06-01 00:59:56', '2025-06-01 00:59:56');
INSERT INTO ProductSKUs (sku_id, product_id, sku_code, attributes, price, stock, created_at, updated_at) VALUES (41, 41, '9ecd06e3-a', '{"颜色":"蓝色","尺寸":"L"}', 1473.67, 233, '2025-06-01 00:59:56', '2025-06-01 00:59:56');
INSERT INTO ProductSKUs (sku_id, product_id, sku_code, attributes, price, stock, created_at, updated_at) VALUES (42, 42, 'b3b15365-5', '{"颜色":"蓝色","尺寸":"L"}', 256.17, 175, '2025-06-01 00:59:56', '2025-06-01 00:59:56');
INSERT INTO ProductSKUs (sku_id, product_id, sku_code, attributes, price, stock, created_at, updated_at) VALUES (43, 43, '85c72cb0-c', '{"颜色":"蓝色","尺寸":"L"}', 861.53, 93, '2025-06-01 00:59:56', '2025-06-01 00:59:56');
INSERT INTO ProductSKUs (sku_id, product_id, sku_code, attributes, price, stock, created_at, updated_at) VALUES (44, 44, '3775b714-4', '{"颜色":"蓝色","尺寸":"L"}', 1875.78, 68, '2025-06-01 00:59:56', '2025-06-01 00:59:56');
INSERT INTO ProductSKUs (sku_id, product_id, sku_code, attributes, price, stock, created_at, updated_at) VALUES (45, 45, '3f16f22c-1', '{"颜色":"蓝色","尺寸":"L"}', 710.53, 132, '2025-06-01 00:59:56', '2025-06-01 00:59:56');
INSERT INTO ProductSKUs (sku_id, product_id, sku_code, attributes, price, stock, created_at, updated_at) VALUES (46, 46, 'e587228f-a', '{"颜色":"蓝色","尺寸":"L"}', 295.04, 235, '2025-06-01 00:59:56', '2025-06-01 00:59:56');
INSERT INTO ProductSKUs (sku_id, product_id, sku_code, attributes, price, stock, created_at, updated_at) VALUES (47, 47, 'b7ef8917-3', '{"颜色":"蓝色","尺寸":"L"}', 825.59, 36, '2025-06-01 00:59:56', '2025-06-01 00:59:56');
INSERT INTO ProductSKUs (sku_id, product_id, sku_code, attributes, price, stock, created_at, updated_at) VALUES (48, 48, 'b94014ef-f', '{"颜色":"蓝色","尺寸":"L"}', 1868.89, 82, '2025-06-01 00:59:56', '2025-06-01 00:59:56');
INSERT INTO ProductSKUs (sku_id, product_id, sku_code, attributes, price, stock, created_at, updated_at) VALUES (49, 49, 'dab072e3-0', '{"颜色":"蓝色","尺寸":"L"}', 1192.26, 63, '2025-06-01 00:59:56', '2025-06-01 00:59:56');
INSERT INTO ProductSKUs (sku_id, product_id, sku_code, attributes, price, stock, created_at, updated_at) VALUES (50, 50, '1c6c67f2-e', '{"颜色":"蓝色","尺寸":"L"}', 1387.16, 249, '2025-06-01 00:59:56', '2025-06-01 00:59:56');
INSERT INTO ProductTags (tag_id, name, created_at) VALUES (1, '热销', '2025-06-01 00:59:56');
INSERT INTO ProductTags (tag_id, name, created_at) VALUES (2, '新品', '2025-06-01 00:59:56');
INSERT INTO ProductTags (tag_id, name, created_at) VALUES (3, '折扣', '2025-06-01 00:59:56');
INSERT INTO ProductTags (tag_id, name, created_at) VALUES (4, '限量', '2025-06-01 00:59:56');
INSERT INTO ProductTags (tag_id, name, created_at) VALUES (5, '推荐', '2025-06-01 00:59:56');
INSERT INTO ProductTagRelations (id, product_id, tag_id) VALUES (1, 1, 4);
INSERT INTO ProductTagRelations (id, product_id, tag_id) VALUES (2, 2, 1);
INSERT INTO ProductTagRelations (id, product_id, tag_id) VALUES (3, 3, 2);
INSERT INTO ProductTagRelations (id, product_id, tag_id) VALUES (4, 3, 3);
INSERT INTO ProductTagRelations (id, product_id, tag_id) VALUES (5, 4, 1);
INSERT INTO ProductTagRelations (id, product_id, tag_id) VALUES (6, 5, 3);
INSERT INTO ProductTagRelations (id, product_id, tag_id) VALUES (7, 5, 1);
INSERT INTO ProductTagRelations (id, product_id, tag_id) VALUES (8, 6, 3);
INSERT INTO ProductTagRelations (id, product_id, tag_id) VALUES (9, 7, 1);
INSERT INTO ProductTagRelations (id, product_id, tag_id) VALUES (10, 7, 4);
INSERT INTO ProductTagRelations (id, product_id, tag_id) VALUES (11, 8, 3);
INSERT INTO ProductTagRelations (id, product_id, tag_id) VALUES (12, 9, 4);
INSERT INTO ProductTagRelations (id, product_id, tag_id) VALUES (13, 9, 1);
INSERT INTO ProductTagRelations (id, product_id, tag_id) VALUES (14, 10, 1);
INSERT INTO ProductTagRelations (id, product_id, tag_id) VALUES (15, 10, 2);
INSERT INTO ProductTagRelations (id, product_id, tag_id) VALUES (16, 11, 2);
INSERT INTO ProductTagRelations (id, product_id, tag_id) VALUES (17, 12, 5);
INSERT INTO ProductTagRelations (id, product_id, tag_id) VALUES (18, 12, 3);
INSERT INTO ProductTagRelations (id, product_id, tag_id) VALUES (19, 13, 2);
INSERT INTO ProductTagRelations (id, product_id, tag_id) VALUES (20, 14, 1);
INSERT INTO ProductTagRelations (id, product_id, tag_id) VALUES (21, 14, 3);
INSERT INTO ProductTagRelations (id, product_id, tag_id) VALUES (22, 15, 2);
INSERT INTO ProductTagRelations (id, product_id, tag_id) VALUES (23, 16, 2);
INSERT INTO ProductTagRelations (id, product_id, tag_id) VALUES (24, 16, 3);
INSERT INTO ProductTagRelations (id, product_id, tag_id) VALUES (25, 17, 4);
INSERT INTO ProductTagRelations (id, product_id, tag_id) VALUES (26, 18, 3);
INSERT INTO ProductTagRelations (id, product_id, tag_id) VALUES (27, 19, 2);
INSERT INTO ProductTagRelations (id, product_id, tag_id) VALUES (28, 19, 3);
INSERT INTO ProductTagRelations (id, product_id, tag_id) VALUES (29, 20, 3);
INSERT INTO ProductTagRelations (id, product_id, tag_id) VALUES (30, 21, 2);
INSERT INTO ProductTagRelations (id, product_id, tag_id) VALUES (31, 21, 5);
INSERT INTO ProductTagRelations (id, product_id, tag_id) VALUES (32, 22, 1);
INSERT INTO ProductTagRelations (id, product_id, tag_id) VALUES (33, 23, 1);
INSERT INTO ProductTagRelations (id, product_id, tag_id) VALUES (34, 23, 4);
INSERT INTO ProductTagRelations (id, product_id, tag_id) VALUES (35, 24, 1);
INSERT INTO ProductTagRelations (id, product_id, tag_id) VALUES (36, 25, 2);
INSERT INTO ProductTagRelations (id, product_id, tag_id) VALUES (37, 25, 1);
INSERT INTO ProductTagRelations (id, product_id, tag_id) VALUES (38, 26, 2);
INSERT INTO ProductTagRelations (id, product_id, tag_id) VALUES (39, 27, 2);
INSERT INTO ProductTagRelations (id, product_id, tag_id) VALUES (40, 27, 3);
INSERT INTO ProductTagRelations (id, product_id, tag_id) VALUES (41, 28, 1);
INSERT INTO ProductTagRelations (id, product_id, tag_id) VALUES (42, 29, 2);
INSERT INTO ProductTagRelations (id, product_id, tag_id) VALUES (43, 30, 3);
INSERT INTO ProductTagRelations (id, product_id, tag_id) VALUES (44, 31, 3);
INSERT INTO ProductTagRelations (id, product_id, tag_id) VALUES (45, 31, 2);
INSERT INTO ProductTagRelations (id, product_id, tag_id) VALUES (46, 32, 4);
INSERT INTO ProductTagRelations (id, product_id, tag_id) VALUES (47, 32, 5);
INSERT INTO ProductTagRelations (id, product_id, tag_id) VALUES (48, 33, 3);
INSERT INTO ProductTagRelations (id, product_id, tag_id) VALUES (49, 33, 4);
INSERT INTO ProductTagRelations (id, product_id, tag_id) VALUES (50, 34, 3);
INSERT INTO ProductTagRelations (id, product_id, tag_id) VALUES (51, 34, 1);
INSERT INTO ProductTagRelations (id, product_id, tag_id) VALUES (52, 35, 5);
INSERT INTO ProductTagRelations (id, product_id, tag_id) VALUES (53, 36, 5);
INSERT INTO ProductTagRelations (id, product_id, tag_id) VALUES (54, 36, 2);
INSERT INTO ProductTagRelations (id, product_id, tag_id) VALUES (55, 37, 1);
INSERT INTO ProductTagRelations (id, product_id, tag_id) VALUES (56, 37, 2);
INSERT INTO ProductTagRelations (id, product_id, tag_id) VALUES (57, 38, 1);
INSERT INTO ProductTagRelations (id, product_id, tag_id) VALUES (58, 38, 5);
INSERT INTO ProductTagRelations (id, product_id, tag_id) VALUES (59, 39, 4);
INSERT INTO ProductTagRelations (id, product_id, tag_id) VALUES (60, 39, 2);
INSERT INTO ProductTagRelations (id, product_id, tag_id) VALUES (61, 40, 2);
INSERT INTO ProductTagRelations (id, product_id, tag_id) VALUES (62, 40, 5);
INSERT INTO ProductTagRelations (id, product_id, tag_id) VALUES (63, 41, 3);
INSERT INTO ProductTagRelations (id, product_id, tag_id) VALUES (64, 42, 1);
INSERT INTO ProductTagRelations (id, product_id, tag_id) VALUES (65, 42, 2);
INSERT INTO ProductTagRelations (id, product_id, tag_id) VALUES (66, 43, 4);
INSERT INTO ProductTagRelations (id, product_id, tag_id) VALUES (67, 44, 4);
INSERT INTO ProductTagRelations (id, product_id, tag_id) VALUES (68, 45, 2);
INSERT INTO ProductTagRelations (id, product_id, tag_id) VALUES (69, 45, 1);
INSERT INTO ProductTagRelations (id, product_id, tag_id) VALUES (70, 46, 1);
INSERT INTO ProductTagRelations (id, product_id, tag_id) VALUES (71, 47, 4);
INSERT INTO ProductTagRelations (id, product_id, tag_id) VALUES (72, 48, 5);
INSERT INTO ProductTagRelations (id, product_id, tag_id) VALUES (73, 48, 2);
INSERT INTO ProductTagRelations (id, product_id, tag_id) VALUES (74, 49, 3);
INSERT INTO ProductTagRelations (id, product_id, tag_id) VALUES (75, 49, 5);
INSERT INTO ProductTagRelations (id, product_id, tag_id) VALUES (76, 50, 2);
INSERT INTO ProductTagRelations (id, product_id, tag_id) VALUES (77, 50, 3);

-- 商品图片
INSERT INTO ProductImages (product_id, image_url, is_main, sort_order, created_at) VALUES (1, 'https://picsum.photos/id/101/300/300', TRUE, 1, NOW());
INSERT INTO ProductImages (product_id, image_url, is_main, sort_order, created_at) VALUES (2, 'https://picsum.photos/id/102/300/300', TRUE, 1, NOW());
INSERT INTO ProductImages (product_id, image_url, is_main, sort_order, created_at) VALUES (3, 'https://picsum.photos/id/103/300/300', TRUE, 1, NOW());
INSERT INTO ProductImages (product_id, image_url, is_main, sort_order, created_at) VALUES (4, 'https://picsum.photos/id/104/300/300', TRUE, 1, NOW());
INSERT INTO ProductImages (product_id, image_url, is_main, sort_order, created_at) VALUES (5, 'https://picsum.photos/id/105/300/300', TRUE, 1, NOW());
INSERT INTO ProductImages (product_id, image_url, is_main, sort_order, created_at) VALUES (6, 'https://picsum.photos/id/106/300/300', TRUE, 1, NOW());
INSERT INTO ProductImages (product_id, image_url, is_main, sort_order, created_at) VALUES (7, 'https://picsum.photos/id/107/300/300', TRUE, 1, NOW());
INSERT INTO ProductImages (product_id, image_url, is_main, sort_order, created_at) VALUES (8, 'https://picsum.photos/id/108/300/300', TRUE, 1, NOW());
INSERT INTO ProductImages (product_id, image_url, is_main, sort_order, created_at) VALUES (9, 'https://picsum.photos/id/109/300/300', TRUE, 1, NOW());
INSERT INTO ProductImages (product_id, image_url, is_main, sort_order, created_at) VALUES (10, 'https://picsum.photos/id/110/300/300', TRUE, 1, NOW());
INSERT INTO ProductImages (product_id, image_url, is_main, sort_order, created_at) VALUES (11, 'https://picsum.photos/id/111/300/300', TRUE, 1, NOW());
INSERT INTO ProductImages (product_id, image_url, is_main, sort_order, created_at) VALUES (12, 'https://picsum.photos/id/112/300/300', TRUE, 1, NOW());
INSERT INTO ProductImages (product_id, image_url, is_main, sort_order, created_at) VALUES (13, 'https://picsum.photos/id/113/300/300', TRUE, 1, NOW());
INSERT INTO ProductImages (product_id, image_url, is_main, sort_order, created_at) VALUES (14, 'https://picsum.photos/id/114/300/300', TRUE, 1, NOW());
INSERT INTO ProductImages (product_id, image_url, is_main, sort_order, created_at) VALUES (15, 'https://picsum.photos/id/115/300/300', TRUE, 1, NOW());
INSERT INTO ProductImages (product_id, image_url, is_main, sort_order, created_at) VALUES (16, 'https://picsum.photos/id/116/300/300', TRUE, 1, NOW());
INSERT INTO ProductImages (product_id, image_url, is_main, sort_order, created_at) VALUES (17, 'https://picsum.photos/id/117/300/300', TRUE, 1, NOW());
INSERT INTO ProductImages (product_id, image_url, is_main, sort_order, created_at) VALUES (18, 'https://picsum.photos/id/118/300/300', TRUE, 1, NOW());
INSERT INTO ProductImages (product_id, image_url, is_main, sort_order, created_at) VALUES (19, 'https://picsum.photos/id/119/300/300', TRUE, 1, NOW());
INSERT INTO ProductImages (product_id, image_url, is_main, sort_order, created_at) VALUES (20, 'https://picsum.photos/id/120/300/300', TRUE, 1, NOW());
INSERT INTO ProductImages (product_id, image_url, is_main, sort_order, created_at) VALUES (21, 'https://picsum.photos/id/121/300/300', TRUE, 1, NOW());
INSERT INTO ProductImages (product_id, image_url, is_main, sort_order, created_at) VALUES (22, 'https://picsum.photos/id/122/300/300', TRUE, 1, NOW());
INSERT INTO ProductImages (product_id, image_url, is_main, sort_order, created_at) VALUES (23, 'https://picsum.photos/id/123/300/300', TRUE, 1, NOW());
INSERT INTO ProductImages (product_id, image_url, is_main, sort_order, created_at) VALUES (24, 'https://picsum.photos/id/124/300/300', TRUE, 1, NOW());
INSERT INTO ProductImages (product_id, image_url, is_main, sort_order, created_at) VALUES (25, 'https://picsum.photos/id/125/300/300', TRUE, 1, NOW());
INSERT INTO ProductImages (product_id, image_url, is_main, sort_order, created_at) VALUES (26, 'https://picsum.photos/id/126/300/300', TRUE, 1, NOW());
INSERT INTO ProductImages (product_id, image_url, is_main, sort_order, created_at) VALUES (27, 'https://picsum.photos/id/127/300/300', TRUE, 1, NOW());
INSERT INTO ProductImages (product_id, image_url, is_main, sort_order, created_at) VALUES (28, 'https://picsum.photos/id/128/300/300', TRUE, 1, NOW());
INSERT INTO ProductImages (product_id, image_url, is_main, sort_order, created_at) VALUES (29, 'https://picsum.photos/id/129/300/300', TRUE, 1, NOW());
INSERT INTO ProductImages (product_id, image_url, is_main, sort_order, created_at) VALUES (30, 'https://picsum.photos/id/130/300/300', TRUE, 1, NOW());
INSERT INTO ProductImages (product_id, image_url, is_main, sort_order, created_at) VALUES (31, 'https://picsum.photos/id/131/300/300', TRUE, 1, NOW());
INSERT INTO ProductImages (product_id, image_url, is_main, sort_order, created_at) VALUES (32, 'https://picsum.photos/id/132/300/300', TRUE, 1, NOW());
INSERT INTO ProductImages (product_id, image_url, is_main, sort_order, created_at) VALUES (33, 'https://picsum.photos/id/133/300/300', TRUE, 1, NOW());
INSERT INTO ProductImages (product_id, image_url, is_main, sort_order, created_at) VALUES (34, 'https://picsum.photos/id/134/300/300', TRUE, 1, NOW());
INSERT INTO ProductImages (product_id, image_url, is_main, sort_order, created_at) VALUES (35, 'https://picsum.photos/id/135/300/300', TRUE, 1, NOW());
INSERT INTO ProductImages (product_id, image_url, is_main, sort_order, created_at) VALUES (36, 'https://picsum.photos/id/136/300/300', TRUE, 1, NOW());
INSERT INTO ProductImages (product_id, image_url, is_main, sort_order, created_at) VALUES (37, 'https://picsum.photos/id/137/300/300', TRUE, 1, NOW());
INSERT INTO ProductImages (product_id, image_url, is_main, sort_order, created_at) VALUES (38, 'https://picsum.photos/id/138/300/300', TRUE, 1, NOW());
INSERT INTO ProductImages (product_id, image_url, is_main, sort_order, created_at) VALUES (39, 'https://picsum.photos/id/139/300/300', TRUE, 1, NOW());
INSERT INTO ProductImages (product_id, image_url, is_main, sort_order, created_at) VALUES (40, 'https://picsum.photos/id/140/300/300', TRUE, 1, NOW());
INSERT INTO ProductImages (product_id, image_url, is_main, sort_order, created_at) VALUES (41, 'https://picsum.photos/id/141/300/300', TRUE, 1, NOW());
INSERT INTO ProductImages (product_id, image_url, is_main, sort_order, created_at) VALUES (42, 'https://picsum.photos/id/142/300/300', TRUE, 1, NOW());
INSERT INTO ProductImages (product_id, image_url, is_main, sort_order, created_at) VALUES (43, 'https://picsum.photos/id/143/300/300', TRUE, 1, NOW());
INSERT INTO ProductImages (product_id, image_url, is_main, sort_order, created_at) VALUES (44, 'https://picsum.photos/id/144/300/300', TRUE, 1, NOW());
INSERT INTO ProductImages (product_id, image_url, is_main, sort_order, created_at) VALUES (45, 'https://picsum.photos/id/145/300/300', TRUE, 1, NOW());
INSERT INTO ProductImages (product_id, image_url, is_main, sort_order, created_at) VALUES (46, 'https://picsum.photos/id/146/300/300', TRUE, 1, NOW());
INSERT INTO ProductImages (product_id, image_url, is_main, sort_order, created_at) VALUES (47, 'https://picsum.photos/id/147/300/300', TRUE, 1, NOW());
INSERT INTO ProductImages (product_id, image_url, is_main, sort_order, created_at) VALUES (48, 'https://picsum.photos/id/148/300/300', TRUE, 1, NOW());
INSERT INTO ProductImages (product_id, image_url, is_main, sort_order, created_at) VALUES (49, 'https://picsum.photos/id/149/300/300', TRUE, 1, NOW());
INSERT INTO ProductImages (product_id, image_url, is_main, sort_order, created_at) VALUES (50, 'https://picsum.photos/id/150/300/300', TRUE, 1, NOW());
INSERT INTO ProductImages (product_id, image_url, is_main, sort_order, created_at) VALUES (51, 'https://picsum.photos/id/151/300/300', TRUE, 1, NOW());
INSERT INTO ProductImages (product_id, image_url, is_main, sort_order, created_at) VALUES (52, 'https://picsum.photos/id/152/300/300', TRUE, 1, NOW());
INSERT INTO ProductImages (product_id, image_url, is_main, sort_order, created_at) VALUES (53, 'https://picsum.photos/id/153/300/300', TRUE, 1, NOW());
INSERT INTO ProductImages (product_id, image_url, is_main, sort_order, created_at) VALUES (54, 'https://picsum.photos/id/154/300/300', TRUE, 1, NOW());
INSERT INTO ProductImages (product_id, image_url, is_main, sort_order, created_at) VALUES (55, 'https://picsum.photos/id/155/300/300', TRUE, 1, NOW());
INSERT INTO ProductImages (product_id, image_url, is_main, sort_order, created_at) VALUES (56, 'https://picsum.photos/id/156/300/300', TRUE, 1, NOW());
INSERT INTO ProductImages (product_id, image_url, is_main, sort_order, created_at) VALUES (57, 'https://picsum.photos/id/157/300/300', TRUE, 1, NOW());
INSERT INTO ProductImages (product_id, image_url, is_main, sort_order, created_at) VALUES (58, 'https://picsum.photos/id/158/300/300', TRUE, 1, NOW());
INSERT INTO ProductImages (product_id, image_url, is_main, sort_order, created_at) VALUES (59, 'https://picsum.photos/id/159/300/300', TRUE, 1, NOW());
INSERT INTO ProductImages (product_id, image_url, is_main, sort_order, created_at) VALUES (60, 'https://picsum.photos/id/160/300/300', TRUE, 1, NOW());
INSERT INTO ProductImages (product_id, image_url, is_main, sort_order, created_at) VALUES (61, 'https://picsum.photos/id/161/300/300', TRUE, 1, NOW());
INSERT INTO ProductImages (product_id, image_url, is_main, sort_order, created_at) VALUES (62, 'https://picsum.photos/id/162/300/300', TRUE, 1, NOW());
INSERT INTO ProductImages (product_id, image_url, is_main, sort_order, created_at) VALUES (63, 'https://picsum.photos/id/163/300/300', TRUE, 1, NOW());
INSERT INTO ProductImages (product_id, image_url, is_main, sort_order, created_at) VALUES (64, 'https://picsum.photos/id/164/300/300', TRUE, 1, NOW());
INSERT INTO ProductImages (product_id, image_url, is_main, sort_order, created_at) VALUES (65, 'https://picsum.photos/id/165/300/300', TRUE, 1, NOW());
INSERT INTO ProductImages (product_id, image_url, is_main, sort_order, created_at) VALUES (66, 'https://picsum.photos/id/166/300/300', TRUE, 1, NOW());
INSERT INTO ProductImages (product_id, image_url, is_main, sort_order, created_at) VALUES (67, 'https://picsum.photos/id/167/300/300', TRUE, 1, NOW());
INSERT INTO ProductImages (product_id, image_url, is_main, sort_order, created_at) VALUES (68, 'https://picsum.photos/id/168/300/300', TRUE, 1, NOW());
INSERT INTO ProductImages (product_id, image_url, is_main, sort_order, created_at) VALUES (69, 'https://picsum.photos/id/169/300/300', TRUE, 1, NOW());
INSERT INTO ProductImages (product_id, image_url, is_main, sort_order, created_at) VALUES (70, 'https://picsum.photos/id/170/300/300', TRUE, 1, NOW());
INSERT INTO ProductImages (product_id, image_url, is_main, sort_order, created_at) VALUES (71, 'https://picsum.photos/id/171/300/300', TRUE, 1, NOW());
INSERT INTO ProductImages (product_id, image_url, is_main, sort_order, created_at) VALUES (72, 'https://picsum.photos/id/172/300/300', TRUE, 1, NOW());
INSERT INTO ProductImages (product_id, image_url, is_main, sort_order, created_at) VALUES (73, 'https://picsum.photos/id/173/300/300', TRUE, 1, NOW());
INSERT INTO ProductImages (product_id, image_url, is_main, sort_order, created_at) VALUES (74, 'https://picsum.photos/id/174/300/300', TRUE, 1, NOW());
INSERT INTO ProductImages (product_id, image_url, is_main, sort_order, created_at) VALUES (75, 'https://picsum.photos/id/175/300/300', TRUE, 1, NOW());
INSERT INTO ProductImages (product_id, image_url, is_main, sort_order, created_at) VALUES (76, 'https://picsum.photos/id/176/300/300', TRUE, 1, NOW());
INSERT INTO ProductImages (product_id, image_url, is_main, sort_order, created_at) VALUES (77, 'https://picsum.photos/id/177/300/300', TRUE, 1, NOW());
INSERT INTO ProductImages (product_id, image_url, is_main, sort_order, created_at) VALUES (78, 'https://picsum.photos/id/178/300/300', TRUE, 1, NOW());
INSERT INTO ProductImages (product_id, image_url, is_main, sort_order, created_at) VALUES (79, 'https://picsum.photos/id/179/300/300', TRUE, 1, NOW());
INSERT INTO ProductImages (product_id, image_url, is_main, sort_order, created_at) VALUES (80, 'https://picsum.photos/id/180/300/300', TRUE, 1, NOW());
INSERT INTO ProductImages (product_id, image_url, is_main, sort_order, created_at) VALUES (81, 'https://picsum.photos/id/181/300/300', TRUE, 1, NOW());
INSERT INTO ProductImages (product_id, image_url, is_main, sort_order, created_at) VALUES (82, 'https://picsum.photos/id/182/300/300', TRUE, 1, NOW());
INSERT INTO ProductImages (product_id, image_url, is_main, sort_order, created_at) VALUES (83, 'https://picsum.photos/id/183/300/300', TRUE, 1, NOW());
INSERT INTO ProductImages (product_id, image_url, is_main, sort_order, created_at) VALUES (84, 'https://picsum.photos/id/184/300/300', TRUE, 1, NOW());
INSERT INTO ProductImages (product_id, image_url, is_main, sort_order, created_at) VALUES (85, 'https://picsum.photos/id/185/300/300', TRUE, 1, NOW());
INSERT INTO ProductImages (product_id, image_url, is_main, sort_order, created_at) VALUES (86, 'https://picsum.photos/id/186/300/300', TRUE, 1, NOW());
INSERT INTO ProductImages (product_id, image_url, is_main, sort_order, created_at) VALUES (87, 'https://picsum.photos/id/187/300/300', TRUE, 1, NOW());
INSERT INTO ProductImages (product_id, image_url, is_main, sort_order, created_at) VALUES (88, 'https://picsum.photos/id/188/300/300', TRUE, 1, NOW());
INSERT INTO ProductImages (product_id, image_url, is_main, sort_order, created_at) VALUES (89, 'https://picsum.photos/id/189/300/300', TRUE, 1, NOW());
INSERT INTO ProductImages (product_id, image_url, is_main, sort_order, created_at) VALUES (90, 'https://picsum.photos/id/190/300/300', TRUE, 1, NOW());
INSERT INTO ProductImages (product_id, image_url, is_main, sort_order, created_at) VALUES (91, 'https://picsum.photos/id/191/300/300', TRUE, 1, NOW());
INSERT INTO ProductImages (product_id, image_url, is_main, sort_order, created_at) VALUES (92, 'https://picsum.photos/id/192/300/300', TRUE, 1, NOW());
INSERT INTO ProductImages (product_id, image_url, is_main, sort_order, created_at) VALUES (93, 'https://picsum.photos/id/193/300/300', TRUE, 1, NOW());
INSERT INTO ProductImages (product_id, image_url, is_main, sort_order, created_at) VALUES (94, 'https://picsum.photos/id/194/300/300', TRUE, 1, NOW());
INSERT INTO ProductImages (product_id, image_url, is_main, sort_order, created_at) VALUES (95, 'https://picsum.photos/id/195/300/300', TRUE, 1, NOW());
INSERT INTO ProductImages (product_id, image_url, is_main, sort_order, created_at) VALUES (96, 'https://picsum.photos/id/196/300/300', TRUE, 1, NOW());
INSERT INTO ProductImages (product_id, image_url, is_main, sort_order, created_at) VALUES (97, 'https://picsum.photos/id/197/300/300', TRUE, 1, NOW());
INSERT INTO ProductImages (product_id, image_url, is_main, sort_order, created_at) VALUES (98, 'https://picsum.photos/id/198/300/300', TRUE, 1, NOW());
INSERT INTO ProductImages (product_id, image_url, is_main, sort_order, created_at) VALUES (99, 'https://picsum.photos/id/199/300/300', TRUE, 1, NOW());
INSERT INTO ProductImages (product_id, image_url, is_main, sort_order, created_at) VALUES (100, 'https://picsum.photos/id/200/300/300', TRUE, 1, NOW());
