use new_store;
-- 清除所有表数据（注意顺序，先删除有外键约束的表）
SET FOREIGN_KEY_CHECKS = 0;

-- 清除用户相关数据
TRUNCATE TABLE `userbrowsingrecords`;
TRUNCATE TABLE `visitorbrowsingrecords`;
TRUNCATE TABLE `usercoupons`;
TRUNCATE TABLE `useraddresses`;
TRUNCATE TABLE `cartitems`;
TRUNCATE TABLE `reviews`;
TRUNCATE TABLE `refunds`;
TRUNCATE TABLE `payments`;
TRUNCATE TABLE `orderitems`;
TRUNCATE TABLE `orders`;

-- 清除商品相关数据
TRUNCATE TABLE `producttagrelations`;
TRUNCATE TABLE `productimages`;
TRUNCATE TABLE `productdetails`;
TRUNCATE TABLE `productskus`;
TRUNCATE TABLE `products`;
TRUNCATE TABLE `producttags`;

-- 清除其他数据
TRUNCATE TABLE `coupons`;
TRUNCATE TABLE `visitors`;
TRUNCATE TABLE `users`;
TRUNCATE TABLE `categories`;

SET FOREIGN_KEY_CHECKS = 1;

-- 重置自增ID
ALTER TABLE `cartitems`
    AUTO_INCREMENT = 1;
ALTER TABLE `categories`
    AUTO_INCREMENT = 1;
ALTER TABLE `coupons`
    AUTO_INCREMENT = 1;
ALTER TABLE `orderitems`
    AUTO_INCREMENT = 1;
ALTER TABLE `orders`
    AUTO_INCREMENT = 1;
ALTER TABLE `payments`
    AUTO_INCREMENT = 1;
ALTER TABLE `productimages`
    AUTO_INCREMENT = 1;
ALTER TABLE `products`
    AUTO_INCREMENT = 1;
ALTER TABLE `productskus`
    AUTO_INCREMENT = 1;
ALTER TABLE `producttagrelations`
    AUTO_INCREMENT = 1;
ALTER TABLE `producttags`
    AUTO_INCREMENT = 1;
ALTER TABLE `refunds`
    AUTO_INCREMENT = 1;
ALTER TABLE `reviews`
    AUTO_INCREMENT = 1;
ALTER TABLE `useraddresses`
    AUTO_INCREMENT = 1;
ALTER TABLE `userbrowsingrecords`
    AUTO_INCREMENT = 1;
ALTER TABLE `usercoupons`
    AUTO_INCREMENT = 1;
ALTER TABLE `users`
    AUTO_INCREMENT = 1;
ALTER TABLE `visitorbrowsingrecords`
    AUTO_INCREMENT = 1;
ALTER TABLE `visitors`
    AUTO_INCREMENT = 1;

-- 插入商品数据
INSERT INTO `products` (`product_id`, `name`, `category_id`, `brand`, `price`, `stock`, `is_on_sale`, `created_at`,
                        `updated_at`)
VALUES
-- 电子产品 (category_id: 1)
(1, 'iPhone 15 Pro Max', 1, 'Apple', 9999.00, 100, 1, '2024-01-01 10:00:00', '2024-01-01 10:00:00'),
(2, 'MacBook Pro M3', 1, 'Apple', 14999.00, 50, 1, '2024-01-02 10:00:00', '2024-01-02 10:00:00'),
(3, '华为 Mate 60 Pro', 1, 'HUAWEI', 6999.00, 80, 1, '2024-01-03 10:00:00', '2024-01-03 10:00:00'),
(4, '小米 14 Ultra', 1, 'Xiaomi', 5999.00, 120, 1, '2024-01-04 10:00:00', '2024-01-04 10:00:00'),
(5, '索尼 WH-1000XM5', 1, 'Sony', 2999.00, 60, 1, '2024-01-05 10:00:00', '2024-01-05 10:00:00'),
(6, '戴尔 XPS 13', 1, 'Dell', 8999.00, 40, 1, '2024-01-06 10:00:00', '2024-01-06 10:00:00'),
(7, 'iPad Pro 12.9', 1, 'Apple', 7999.00, 70, 1, '2024-01-07 10:00:00', '2024-01-07 10:00:00'),
(8, '三星 Galaxy S24 Ultra', 1, 'Samsung', 8999.00, 90, 1, '2024-01-08 10:00:00', '2024-01-08 10:00:00'),

-- 服装鞋帽 (category_id: 2)
(9, '男士休闲西装', 2, 'HLA', 599.00, 200, 1, '2024-01-09 10:00:00', '2024-01-09 10:00:00'),
(10, '女士连衣裙', 2, 'ZARA', 399.00, 150, 1, '2024-01-10 10:00:00', '2024-01-10 10:00:00'),
(11, '运动鞋', 2, 'Nike', 899.00, 100, 1, '2024-01-11 10:00:00', '2024-01-11 10:00:00'),
(12, '羽绒服', 2, '波司登', 1299.00, 80, 1, '2024-01-12 10:00:00', '2024-01-12 10:00:00'),
(13, '牛仔裤', 2, 'Levi\'s', 499.00, 300, 1, '2024-01-13 10:00:00', '2024-01-13 10:00:00'),
(14, '休闲衬衫', 2, 'UNIQLO', 199.00, 250, 1, '2024-01-14 10:00:00', '2024-01-14 10:00:00'),
(15, '运动套装', 2, 'Adidas', 599.00, 120, 1, '2024-01-15 10:00:00', '2024-01-15 10:00:00'),
(16, '高跟鞋', 2, '百丽', 699.00, 100, 1, '2024-01-16 10:00:00', '2024-01-16 10:00:00'),

-- 图书音像 (category_id: 3)
(17, '三体全集', 3, '重庆出版社', 99.00, 500, 1, '2024-01-17 10:00:00', '2024-01-17 10:00:00'),
(18, '活着', 3, '作家出版社', 39.00, 1000, 1, '2024-01-18 10:00:00', '2024-01-18 10:00:00'),
(19, '百年孤独', 3, '南海出版公司', 55.00, 800, 1, '2024-01-19 10:00:00', '2024-01-19 10:00:00'),
(20, '平凡的世界', 3, '人民文学出版社', 88.00, 600, 1, '2024-01-20 10:00:00', '2024-01-20 10:00:00'),
(21, '围城', 3, '人民文学出版社', 39.00, 700, 1, '2024-01-21 10:00:00', '2024-01-21 10:00:00'),
(22, '红楼梦', 3, '人民文学出版社', 59.00, 900, 1, '2024-01-22 10:00:00', '2024-01-22 10:00:00'),
(23, '白夜行', 3, '南海出版公司', 59.00, 800, 1, '2024-01-23 10:00:00', '2024-01-23 10:00:00'),
(24, '解忧杂货店', 3, '南海出版公司', 39.00, 1000, 1, '2024-01-24 10:00:00', '2024-01-24 10:00:00'),

-- 家居生活 (category_id: 4)
(25, '智能扫地机器人', 4, '小米', 1999.00, 100, 1, '2024-01-25 10:00:00', '2024-01-25 10:00:00'),
(26, '多功能料理机', 4, '美的', 899.00, 150, 1, '2024-01-26 10:00:00', '2024-01-26 10:00:00'),
(27, '智能门锁', 4, '德施曼', 1299.00, 80, 1, '2024-01-27 10:00:00', '2024-01-27 10:00:00'),
(28, '空气净化器', 4, '飞利浦', 2999.00, 60, 1, '2024-01-28 10:00:00', '2024-01-28 10:00:00'),
(29, '智能音箱', 4, '天猫精灵', 299.00, 200, 1, '2024-01-29 10:00:00', '2024-01-29 10:00:00'),
(30, '智能窗帘', 4, '米家', 599.00, 100, 1, '2024-01-30 10:00:00', '2024-01-30 10:00:00'),
(31, '智能马桶盖', 4, '松下', 1999.00, 50, 1, '2024-01-31 10:00:00', '2024-01-31 10:00:00'),
(32, '智能门铃', 4, '萤石', 399.00, 120, 1, '2024-02-01 10:00:00', '2024-02-01 10:00:00'),

-- 食品饮料 (category_id: 5)
(33, '有机大米', 5, '金龙鱼', 99.00, 1000, 1, '2024-02-02 10:00:00', '2024-02-02 10:00:00'),
(34, '进口红酒', 5, '拉菲', 299.00, 200, 1, '2024-02-03 10:00:00', '2024-02-03 10:00:00'),
(35, '坚果礼盒', 5, '三只松鼠', 199.00, 300, 1, '2024-02-04 10:00:00', '2024-02-04 10:00:00'),
(36, '茶叶礼盒', 5, '西湖龙井', 399.00, 150, 1, '2024-02-05 10:00:00', '2024-02-05 10:00:00'),
(37, '进口巧克力', 5, '费列罗', 99.00, 500, 1, '2024-02-06 10:00:00', '2024-02-06 10:00:00'),
(38, '有机蔬菜', 5, '盒马', 59.00, 200, 1, '2024-02-07 10:00:00', '2024-02-07 10:00:00'),
(39, '进口水果', 5, '佳沛', 199.00, 100, 1, '2024-02-08 10:00:00', '2024-02-08 10:00:00'),
(40, '有机牛奶', 5, '蒙牛', 69.00, 300, 1, '2024-02-09 10:00:00', '2024-02-09 10:00:00'),

-- 母婴用品 (category_id: 6)
(41, '婴儿推车', 6, '好孩子', 999.00, 50, 1, '2024-02-10 10:00:00', '2024-02-10 10:00:00'),
(42, '婴儿奶粉', 6, '美赞臣', 299.00, 200, 1, '2024-02-11 10:00:00', '2024-02-11 10:00:00'),
(43, '婴儿纸尿裤', 6, '帮宝适', 199.00, 300, 1, '2024-02-12 10:00:00', '2024-02-12 10:00:00'),
(44, '婴儿玩具', 6, '费雪', 299.00, 150, 1, '2024-02-13 10:00:00', '2024-02-13 10:00:00'),
(45, '婴儿床', 6, '宜家', 899.00, 30, 1, '2024-02-14 10:00:00', '2024-02-14 10:00:00'),
(46, '婴儿服装', 6, '巴拉巴拉', 199.00, 200, 1, '2024-02-15 10:00:00', '2024-02-15 10:00:00'),
(47, '婴儿洗护', 6, '强生', 99.00, 250, 1, '2024-02-16 10:00:00', '2024-02-16 10:00:00'),
(48, '婴儿辅食', 6, '亨氏', 89.00, 180, 1, '2024-02-17 10:00:00', '2024-02-17 10:00:00'),

-- 运动户外 (category_id: 7)
(49, '跑步机', 7, '舒华', 2999.00, 30, 1, '2024-02-18 10:00:00', '2024-02-18 10:00:00'),
(50, '健身器材套装', 7, '迪卡侬', 1999.00, 40, 1, '2024-02-19 10:00:00', '2024-02-19 10:00:00');

-- 插入商品SKU数据
INSERT INTO `productskus` (`sku_id`, `product_id`, `sku_code`, `attributes`, `price`, `stock`, `created_at`,
                           `updated_at`)
VALUES
-- 电子产品SKU
(1, 1, 'IP15PM-256-BLK', '{
  "color": "黑色",
  "storage": "256GB"
}', 9999.00, 50, '2024-01-01 10:00:00', '2024-01-01 10:00:00'),
(2, 1, 'IP15PM-512-BLK', '{
  "color": "黑色",
  "storage": "512GB"
}', 10999.00, 30, '2024-01-01 10:00:00', '2024-01-01 10:00:00'),
(3, 2, 'MBP-M3-16-512', '{
  "color": "深空灰",
  "storage": "512GB"
}', 14999.00, 25, '2024-01-02 10:00:00', '2024-01-02 10:00:00'),
(4, 2, 'MBP-M3-16-1T', '{
  "color": "深空灰",
  "storage": "1TB"
}', 16999.00, 15, '2024-01-02 10:00:00', '2024-01-02 10:00:00'),

-- 服装鞋帽SKU
(5, 9, 'SUIT-M-BLK-50', '{
  "color": "黑色",
  "size": "50"
}', 599.00, 50, '2024-01-09 10:00:00', '2024-01-09 10:00:00'),
(6, 9, 'SUIT-M-BLK-52', '{
  "color": "黑色",
  "size": "52"
}', 599.00, 50, '2024-01-09 10:00:00', '2024-01-09 10:00:00'),
(7, 10, 'DRESS-F-RED-S', '{
  "color": "红色",
  "size": "S"
}', 399.00, 30, '2024-01-10 10:00:00', '2024-01-10 10:00:00'),
(8, 10, 'DRESS-F-RED-M', '{
  "color": "红色",
  "size": "M"
}', 399.00, 30, '2024-01-10 10:00:00', '2024-01-10 10:00:00'),

-- 图书音像SKU
(9, 17, 'BOOK-3BODY-SET', '{
  "edition": "精装版"
}', 99.00, 200, '2024-01-17 10:00:00', '2024-01-17 10:00:00'),
(10, 18, 'BOOK-ALIVE-PB', '{
  "edition": "平装版"
}', 39.00, 500, '2024-01-18 10:00:00', '2024-01-18 10:00:00'),

-- 家居生活SKU
(11, 25, 'ROBOT-XM-1', '{
  "color": "白色"
}', 1999.00, 50, '2024-01-25 10:00:00', '2024-01-25 10:00:00'),
(12, 26, 'COOKER-MD-1', '{
  "color": "红色"
}', 899.00, 75, '2024-01-26 10:00:00', '2024-01-26 10:00:00'),

-- 食品饮料SKU
(13, 33, 'RICE-5KG', '{
  "weight": "5kg"
}', 99.00, 500, '2024-02-02 10:00:00', '2024-02-02 10:00:00'),
(14, 34, 'WINE-750ML', '{
  "volume": "750ml"
}', 299.00, 100, '2024-02-03 10:00:00', '2024-02-03 10:00:00'),

-- 母婴用品SKU
(15, 41, 'STROLLER-BLUE', '{
  "color": "蓝色"
}', 999.00, 25, '2024-02-10 10:00:00', '2024-02-10 10:00:00'),
(16, 42, 'MILK-900G', '{
  "weight": "900g"
}', 299.00, 100, '2024-02-11 10:00:00', '2024-02-11 10:00:00'),

-- 运动户外SKU
(17, 49, 'TREADMILL-BLK', '{
  "color": "黑色"
}', 2999.00, 15, '2024-02-18 10:00:00', '2024-02-18 10:00:00'),
(18, 50, 'FITNESS-SET-1', '{
  "color": "黑色"
}', 1999.00, 20, '2024-02-19 10:00:00', '2024-02-19 10:00:00');

-- 插入商品图片数据
INSERT INTO `productimages` (`product_id`, `image_url`, `is_main`, `sort_order`, `created_at`)
VALUES
-- 电子产品图片
(1, '/images/iphone14.jpeg', 1, 0, '2024-01-01 10:00:00'),
(1, '/images/iphone14.jpeg', 0, 1, '2024-01-01 10:00:00'),
(2, '/images/macbook.jpeg', 1, 0, '2024-01-02 10:00:00'),
(2, '/images/macbook.jpeg', 0, 1, '2024-01-02 10:00:00'),

-- 服装鞋帽图片
(9, '/images/jacket.jpeg', 1, 0, '2024-01-09 10:00:00'),
(9, '/images/jacket.jpeg', 0, 1, '2024-01-09 10:00:00'),
(10, '/images/dress.png', 1, 0, '2024-01-10 10:00:00'),
(10, '/images/dress.png', 0, 1, '2024-01-10 10:00:00'),

-- 图书音像图片
(17, '/images/sanzhisongshu.jpeg', 1, 0, '2024-01-17 10:00:00'),
(18, '/images/liangpin.jpeg', 1, 0, '2024-01-18 10:00:00'),

-- 家居生活图片
(25, '/images/人工智能原理.jpeg', 1, 0, '2024-01-25 10:00:00'),
(26, '/images/机器学习实战.jpeg', 1, 0, '2024-01-26 10:00:00'),

-- 食品饮料图片
(33, '/images/Oishi薯片.jpeg', 1, 0, '2024-02-02 10:00:00'),
(34, '/images/liangpin.jpeg', 1, 0, '2024-02-03 10:00:00'),

-- 母婴用品图片
(41, '/images/深度学习基础.jpeg', 1, 0, '2024-02-10 10:00:00'),
(42, '/images/大数据处理技术.jpeg', 1, 0, '2024-02-11 10:00:00'),

-- 运动户外图片
(49, '/images/物联网技术解析.jpeg', 1, 0, '2024-02-18 10:00:00'),
(50, '/images/虚拟现实与增强现实.jpeg', 1, 0, '2024-02-19 10:00:00');

-- 插入用户数据
INSERT INTO `users` (`user_id`, `username`, `email`, `phone`, `password_hash`, `is_deleted`, `created_at`, `updated_at`,
                     `balance`, `balance_updated_at`, `Uuid`)
VALUES (1, 'zhangsan', 'zhangsan@example.com', '13800138001',
        '$2a$10$N.zmdr9k7uOCQb376NoUnuTJ8iAt6Z5EHsM8lE9lBOsl7iKTVKIUi', 0, '2024-01-01 10:00:00', '2024-01-01 10:00:00',
        1000.00, '2024-01-01 10:00:00', '550e8400-e29b-41d4-a716-446655440000'),
       (2, 'lisi', 'lisi@example.com', '13800138002', '$2a$10$N.zmdr9k7uOCQb376NoUnuTJ8iAt6Z5EHsM8lE9lBOsl7iKTVKIUi', 0,
        '2024-01-02 10:00:00', '2024-01-02 10:00:00', 2000.00, '2024-01-02 10:00:00',
        '550e8400-e29b-41d4-a716-446655440001'),
       (3, 'wangwu', 'wangwu@example.com', '13800138003',
        '$2a$10$N.zmdr9k7uOCQb376NoUnuTJ8iAt6Z5EHsM8lE9lBOsl7iKTVKIUi', 0, '2024-01-03 10:00:00', '2024-01-03 10:00:00',
        3000.00, '2024-01-03 10:00:00', '550e8400-e29b-41d4-a716-446655440002'),
       (4, 'zhaoliu', 'zhaoliu@example.com', '13800138004',
        '$2a$10$N.zmdr9k7uOCQb376NoUnuTJ8iAt6Z5EHsM8lE9lBOsl7iKTVKIUi', 0, '2024-01-04 10:00:00', '2024-01-04 10:00:00',
        4000.00, '2024-01-04 10:00:00', '550e8400-e29b-41d4-a716-446655440003'),
       (5, 'qianqi', 'qianqi@example.com', '13800138005',
        '$2a$10$N.zmdr9k7uOCQb376NoUnuTJ8iAt6Z5EHsM8lE9lBOsl7iKTVKIUi', 0, '2024-01-05 10:00:00', '2024-01-05 10:00:00',
        5000.00, '2024-01-05 10:00:00', '550e8400-e29b-41d4-a716-446655440004');

-- 插入用户地址数据
INSERT INTO `useraddresses` (`address_id`, `user_id`, `province`, `city`, `district`, `detail_address`, `is_default`,
                             `is_deleted`, `created_at`, `updated_at`, `receiver_name`, `receiver_phone`)
VALUES (1, 1, '北京市', '北京市', '海淀区', '中关村大街1号', 1, 0, '2024-01-01 10:00:00', '2024-01-01 10:00:00', '张三',
        '13800138001'),
       (2, 1, '北京市', '北京市', '朝阳区', '建国路88号', 0, 0, '2024-01-01 10:00:00', '2024-01-01 10:00:00', '张三',
        '13800138001'),
       (3, 2, '上海市', '上海市', '浦东新区', '陆家嘴1号', 1, 0, '2024-01-02 10:00:00', '2024-01-02 10:00:00', '李四',
        '13800138002'),
       (4, 3, '广州市', '广州市', '天河区', '天河路385号', 1, 0, '2024-01-03 10:00:00', '2024-01-03 10:00:00', '王五',
        '13800138003');

-- 插入购物车数据
INSERT INTO `cartitems` (`cart_item_id`, `user_id`, `product_sku_id`, `product_name`, `quantity`, `created_at`,
                         `updated_at`, `is_selected`, `is_deleted`)
VALUES (1, 1, 1, 'iPhone 15 Pro Max', 1, '2024-01-01 10:00:00', '2024-01-01 10:00:00', 1, 0),
       (2, 1, 3, 'MacBook Pro M3', 1, '2024-01-01 10:00:00', '2024-01-01 10:00:00', 1, 0),
       (3, 2, 5, '男士休闲西装', 2, '2024-01-02 10:00:00', '2024-01-02 10:00:00', 1, 0),
       (4, 3, 9, '三体全集', 1, '2024-01-03 10:00:00', '2024-01-03 10:00:00', 1, 0);

-- 插入订单数据
INSERT INTO `orders` (`order_id`, `user_id`, `status`, `total_amount`, `created_at`, `updated_at`)
VALUES (1, 1, 'completed', 24998.00, '2024-01-01 10:00:00', '2024-01-01 10:00:00'),
       (2, 2, 'paid', 1198.00, '2024-01-02 10:00:00', '2024-01-02 10:00:00'),
       (3, 3, 'pending', 99.00, '2024-01-03 10:00:00', '2024-01-03 10:00:00');

-- 插入订单项数据
INSERT INTO `orderitems` (`order_item_id`, `order_id`, `product_id`, `product_sku_id`, `quantity`, `price`,
                          `product_name`, `product_image`, `created_at`)
VALUES (1, 1, 1, 1, 1, 9999.00, 'iPhone 15 Pro Max', '/images/iphone14.jpeg', '2024-01-01 10:00:00'),
       (2, 1, 2, 3, 1, 14999.00, 'MacBook Pro M3', '/images/macbook.jpeg', '2024-01-01 10:00:00'),
       (3, 2, 9, 5, 2, 599.00, '男士休闲西装', '/images/jacket.jpeg', '2024-01-02 10:00:00'),
       (4, 3, 17, 9, 1, 99.00, '三体全集', '/images/sanzhisongshu.jpeg', '2024-01-03 10:00:00');

-- 插入支付记录数据
INSERT INTO `payments` (`payment_id`, `order_id`, `order_number`, `user_id`, `amount`, `payment_method`, `paid_at`,
                        `created_at`)
VALUES (1, 1, '202401010001', 1, 24998.00, '支付宝', '2024-01-01 10:00:00', '2024-01-01 10:00:00'),
       (2, 2, '202401020001', 2, 1198.00, '微信支付', '2024-01-02 10:00:00', '2024-01-02 10:00:00');

-- 插入商品评价数据
INSERT INTO `reviews` (`review_id`, `user_id`, `product_id`, `rating`, `content`, `is_deleted`, `created_at`)
VALUES (1, 1, 1, 5, '非常好用的手机，拍照效果很棒！', 0, '2024-01-01 10:00:00'),
       (2, 1, 2, 5, '性能强大，做工精细，很满意！', 0, '2024-01-01 10:00:00'),
       (3, 2, 9, 4, '衣服质量不错，就是有点贵。', 0, '2024-01-02 10:00:00'),
       (4, 3, 17, 5, '经典科幻小说，值得收藏！', 0, '2024-01-03 10:00:00');

-- 插入分类数据
INSERT INTO `categories` (`category_id`, `name`, `parent_id`, `sort_order`, `is_visible`, `created_at`, `updated_at`)
VALUES (1, '电子产品', NULL, 1, 1, NOW(), NOW()),
       (2, '服装鞋帽', NULL, 2, 1, NOW(), NOW()),
       (3, '图书音像', NULL, 3, 1, NOW(), NOW()),
       (4, '家居生活', NULL, 4, 1, NOW(), NOW()),
       (5, '食品饮料', NULL, 5, 1, NOW(), NOW()),
       (6, '母婴用品', NULL, 6, 1, NOW(), NOW()),
       (7, '运动户外', NULL, 7, 1, NOW(), NOW()),
       (8, '汽车用品', NULL, 8, 1, NOW(), NOW());

-- 插入优惠券数据
INSERT INTO `coupons` (`coupon_id`, `name`, `description`, `discount_amount`, `min_order_amount`, `start_time`,
                       `end_time`, `total_quantity`, `remaining_quantity`, `is_active`, `created_at`, `updated_at`,
                       `coupon_type`, `discount_percentage`, `applicable_scope`)
VALUES (1, '新人专享券', '新用户专享优惠', 50.00, 100.00, NOW(), DATE_ADD(NOW(), INTERVAL 30 DAY), 1000, 1000, 1, NOW(),
        NOW(), 'fixed', NULL, 'all'),
       (2, '满减优惠券', '满300减30', 30.00, 300.00, NOW(), DATE_ADD(NOW(), INTERVAL 30 DAY), 1000, 1000, 1, NOW(),
        NOW(), 'fixed', NULL, 'all'),
       (3, '品类优惠券', '服装类商品专享', 100.00, 500.00, NOW(), DATE_ADD(NOW(), INTERVAL 30 DAY), 1000, 1000, 1,
        NOW(), NOW(), 'fixed', NULL, 'category'),
       (4, '节日特惠券', '元旦特惠', 200.00, 1000.00, NOW(), DATE_ADD(NOW(), INTERVAL 30 DAY), 1000, 1000, 1, NOW(),
        NOW(), 'fixed', NULL, 'all'),
       (5, '限时折扣券', '全场8折', 100.00, 100.00, NOW(), DATE_ADD(NOW(), INTERVAL 30 DAY), 1000, 1000, 1, NOW(),
        NOW(), 'percentage', 80.00, 'all'),
       (6, '免运费券', '满99免运费', 10.00, 99.00, NOW(), DATE_ADD(NOW(), INTERVAL 30 DAY), 1000, 1000, 1, NOW(), NOW(),
        'shipping', NULL, 'all'),
       (7, '会员专享券', '会员专享优惠', 80.00, 200.00, NOW(), DATE_ADD(NOW(), INTERVAL 30 DAY), 1000, 1000, 1, NOW(),
        NOW(), 'fixed', NULL, 'all'),
       (8, '清仓特惠券', '清仓商品专享', 50.00, 100.00, NOW(), DATE_ADD(NOW(), INTERVAL 30 DAY), 1000, 1000, 1, NOW(),
        NOW(), 'fixed', NULL, 'category'),
       (9, '生日特惠券', '生日专享优惠', 100.00, 300.00, NOW(), DATE_ADD(NOW(), INTERVAL 30 DAY), 1000, 1000, 1, NOW(),
        NOW(), 'fixed', NULL, 'all'),
       (10, '积分兑换券', '积分兑换优惠', 30.00, 50.00, NOW(), DATE_ADD(NOW(), INTERVAL 30 DAY), 1000, 1000, 1, NOW(),
        NOW(), 'fixed', NULL, 'all');

-- 插入用户优惠券数据
INSERT INTO `usercoupons` (`user_coupon_id`, `user_id`, `coupon_id`, `coupon_name`, `status`, `used_at`, `created_at`)
VALUES (1, 1, 1, '新人专享券', 'used', '2024-01-01 10:00:00', '2024-01-01 10:00:00'),
       (2, 2, 2, '满减优惠券', 'used', '2024-01-02 10:00:00', '2024-01-02 10:00:00'),
       (3, 3, 3, '折扣券', 'unused', NULL, '2024-01-03 10:00:00');

-- 插入商品标签数据
INSERT INTO `producttags` (`tag_id`, `name`, `created_at`)
VALUES (1, '新品', '2024-01-01 10:00:00'),
       (2, '热销', '2024-01-01 10:00:00'),
       (3, '促销', '2024-01-01 10:00:00'),
       (4, '限时', '2024-01-01 10:00:00'),
       (5, '推荐', '2024-01-01 10:00:00');

-- 插入商品标签关联数据
INSERT INTO `producttagrelations` (`id`, `product_id`, `tag_id`)
VALUES (1, 1, 1),
       (2, 1, 2),
       (3, 2, 1),
       (4, 2, 5),
       (5, 9, 3),
       (6, 9, 4),
       (7, 17, 2),
       (8, 17, 5);

-- 插入游客数据
INSERT INTO `visitors` (`visitor_id`, `fingerprint`, `first_visited_at`, `last_visited_at`, `user_id`)
VALUES (1, 'visitor_fingerprint_1', '2024-01-01 10:00:00', '2024-01-01 10:00:00', NULL),
       (2, 'visitor_fingerprint_2', '2024-01-02 10:00:00', '2024-01-02 10:00:00', 1),
       (3, 'visitor_fingerprint_3', '2024-01-03 10:00:00', '2024-01-03 10:00:00', NULL);

-- 插入游客浏览记录
INSERT INTO `visitorbrowsingrecords` (`record_id`, `visitor_id`, `product_id`, `product_name`, `viewed_at`)
VALUES (1, 1, 1, 'iPhone 15 Pro Max', '2024-01-01 10:00:00'),
       (2, 1, 2, 'MacBook Pro M3', '2024-01-01 10:00:00'),
       (3, 2, 9, '男士休闲西装', '2024-01-02 10:00:00'),
       (4, 3, 17, '三体全集', '2024-01-03 10:00:00');

-- 插入用户浏览记录
INSERT INTO `userbrowsingrecords` (`record_id`, `user_id`, `product_id`, `product_name`, `viewed_at`)
VALUES (1, 1, 1, 'iPhone 15 Pro Max', '2024-01-01 10:00:00'),
       (2, 1, 2, 'MacBook Pro M3', '2024-01-01 10:00:00'),
       (3, 2, 9, '男士休闲西装', '2024-01-02 10:00:00'),
       (4, 3, 17, '三体全集', '2024-01-03 10:00:00');

-- 插入商品详情数据
INSERT INTO `productdetails` (`product_id`, `description`, `specifications`, `created_at`, `updated_at`)
VALUES (1, 'iPhone 15 Pro Max 采用航空级钛金属设计，搭载 A17 Pro 芯片，配备 4800 万像素主摄，支持 USB-C 接口。',
        '{"屏幕": "6.7英寸 Super Retina XDR 显示屏", "处理器": "A17 Pro 芯片", "存储": "256GB/512GB/1TB", "摄像头": "4800万像素主摄+1200万像素超广角+1200万像素长焦", "电池": "4422mAh"}',
        '2024-01-01 10:00:00', '2024-01-01 10:00:00'),
       (2, 'MacBook Pro M3 搭载 M3 芯片，配备 Liquid 视网膜 XDR 显示屏，支持 ProMotion 自适应刷新率。',
        '{"屏幕": "16英寸 Liquid 视网膜 XDR 显示屏", "处理器": "M3 Pro/M3 Max", "内存": "16GB/32GB/64GB", "存储": "512GB/1TB/2TB", "电池": "最长22小时续航"}',
        '2024-01-02 10:00:00', '2024-01-02 10:00:00'),
       (3, '华为 Mate 60 Pro 搭载麒麟9000S芯片，配备超感光徕卡四摄，支持卫星通信。',
        '{"屏幕": "6.82英寸 OLED 屏幕", "处理器": "麒麟9000S", "存储": "256GB/512GB/1TB", "摄像头": "5000万像素主摄+1200万像素超广角+4800万像素长焦", "电池": "5000mAh"}',
        '2024-01-03 10:00:00', '2024-01-03 10:00:00'),
       (4, '小米 14 Ultra 搭载骁龙8 Gen 3处理器，配备徕卡光学镜头，支持徕卡专业影像。',
        '{"屏幕": "6.73英寸 2K AMOLED 屏幕", "处理器": "骁龙8 Gen 3", "存储": "256GB/512GB/1TB", "摄像头": "5000万像素主摄+5000万像素超广角+5000万像素长焦", "电池": "5000mAh"}',
        '2024-01-04 10:00:00', '2024-01-04 10:00:00'),
       (5, '索尼 WH-1000XM5 新一代降噪耳机，搭载新一代降噪处理器，支持LDAC高解析音频。',
        '{"降噪": "新一代降噪处理器", "续航": "30小时", "重量": "250g", "接口": "USB-C", "蓝牙": "5.2"}',
        '2024-01-05 10:00:00', '2024-01-05 10:00:00'),
       (6, '戴尔 XPS 13 超轻薄笔记本，搭载第13代英特尔处理器，配备InfinityEdge显示屏。',
        '{"屏幕": "13.4英寸 InfinityEdge 显示屏", "处理器": "第13代英特尔酷睿", "内存": "16GB/32GB", "存储": "512GB/1TB", "重量": "1.17kg"}',
        '2024-01-06 10:00:00', '2024-01-06 10:00:00'),
       (7, 'iPad Pro 12.9 搭载M2芯片，配备Liquid视网膜XDR显示屏，支持Apple Pencil 2代。',
        '{"屏幕": "12.9英寸 Liquid 视网膜 XDR 显示屏", "处理器": "M2", "存储": "128GB/256GB/512GB/1TB/2TB", "接口": "USB-C", "支持": "Apple Pencil 2代"}',
        '2024-01-07 10:00:00', '2024-01-07 10:00:00'),
       (8, '三星 Galaxy S24 Ultra 搭载骁龙8 Gen 3处理器，配备S Pen，支持卫星通信。',
        '{"屏幕": "6.8英寸 Dynamic AMOLED 2X", "处理器": "骁龙8 Gen 3", "存储": "256GB/512GB/1TB", "摄像头": "200MP主摄+12MP超广角+10MP长焦+50MP长焦", "电池": "5000mAh"}',
        '2024-01-08 10:00:00', '2024-01-08 10:00:00'),
       (9, '男士休闲西装采用优质面料，修身剪裁，适合商务和休闲场合。',
        '{"材质": "羊毛混纺", "尺码": "48/50/52/54", "颜色": "黑色/藏青色/灰色", "季节": "四季款", "风格": "商务休闲"}',
        '2024-01-09 10:00:00', '2024-01-09 10:00:00'),
       (10, '女士连衣裙采用优质面料，优雅剪裁，适合各种场合穿着。',
        '{"材质": "聚酯纤维", "尺码": "S/M/L/XL", "颜色": "红色/黑色/白色", "季节": "春夏款", "风格": "优雅"}',
        '2024-01-10 10:00:00', '2024-01-10 10:00:00'),
       (17, '三体全集包含《三体》、《三体Ⅱ·黑暗森林》、《三体Ⅲ·死神永生》三部曲。',
        '{"作者": "刘慈欣", "出版社": "重庆出版社", "出版时间": "2008-01", "页数": "302", "装帧": "精装"}',
        '2024-01-17 10:00:00', '2024-01-17 10:00:00'),
       (18, '活着是余华的代表作，讲述了一个人一生的故事。',
        '{"作者": "余华", "出版社": "作家出版社", "出版时间": "2012-08", "页数": "191", "装帧": "平装"}',
        '2024-01-18 10:00:00', '2024-01-18 10:00:00'),
       (25, '智能扫地机器人采用LDS激光导航，支持APP远程控制，自动回充。',
        '{"导航": "LDS激光导航", "续航": "150分钟", "吸力": "4000Pa", "噪音": "65dB", "水箱": "300ml"}',
        '2024-01-25 10:00:00', '2024-01-25 10:00:00'),
       (26, '多功能料理机集搅拌、切碎、研磨等功能于一体，操作简单。',
        '{"功率": "1000W", "容量": "2L", "转速": "6档", "材质": "304不锈钢", "配件": "搅拌杯/切碎杯/研磨杯"}',
        '2024-01-26 10:00:00', '2024-01-26 10:00:00'),
       (33, '有机大米采用有机种植方式，无农药残留，营养丰富。',
        '{"产地": "东北", "品种": "长粒香", "净重": "5kg", "保质期": "12个月", "储存方式": "阴凉干燥处"}',
        '2024-02-02 10:00:00', '2024-02-02 10:00:00'),
       (34, '进口红酒采用优质葡萄酿造，口感醇厚，适合各种场合。',
        '{"产地": "法国", "年份": "2020", "容量": "750ml", "酒精度": "13%", "类型": "干红"}', '2024-02-03 10:00:00',
        '2024-02-03 10:00:00'),
       (41, '婴儿推车采用轻量化设计，一键收车，四轮避震。',
        '{"重量": "6.5kg", "承重": "25kg", "材质": "铝合金", "功能": "一键收车/四轮避震/双向推行", "适用年龄": "0-3岁"}',
        '2024-02-10 10:00:00', '2024-02-10 10:00:00'),
       (42, '婴儿奶粉采用优质奶源，添加多种营养素，适合0-6个月婴儿。',
        '{"段数": "1段", "净重": "900g", "适用年龄": "0-6个月", "产地": "荷兰", "保质期": "24个月"}',
        '2024-02-11 10:00:00', '2024-02-11 10:00:00'),
       (49, '跑步机采用静音电机，多档位调节，支持APP连接。',
        '{"功率": "2.5HP", "速度": "1-16km/h", "坡度": "15档", "跑带": "51cm", "承重": "120kg"}', '2024-02-18 10:00:00',
        '2024-02-18 10:00:00'),
       (50, '健身器材套装包含哑铃、瑜伽垫、拉力带等基础健身器材。',
        '{"包含": "哑铃/瑜伽垫/拉力带/跳绳/健身球", "适用人群": "初学者", "材质": "环保材料", "重量": "15kg", "包装": "收纳包"}',
        '2024-02-19 10:00:00', '2024-02-19 10:00:00');

-- 插入退款记录数据
INSERT INTO `refunds` (`refund_id`, `payment_id`, `order_number`, `amount`, `reason`, `refunded_at`, `created_at`)
VALUES (1, 1, '202401010001', 9999.00, '商品质量问题', '2024-01-01 11:00:00', '2024-01-01 11:00:00'),
       (2, 2, '202401020001', 599.00, '尺码不合适', '2024-01-02 11:00:00', '2024-01-02 11:00:00');


-- 新增 20 条商品
INSERT INTO `products` (`name`, `category_id`, `brand`, `price`, `stock`, `is_on_sale`, `created_at`, `updated_at`)
VALUES ('智能语音音箱 Pro', 4, '小米', 499.00, 300, 1, NOW(), NOW()),
       ('户外运动背包 40L', 7, 'Deuter', 699.00, 120, 1, NOW(), NOW()),
       ('无糖绿茶饮料 500ml', 5, '统一', 5.00, 1000, 1, NOW(), NOW()),
       ('儿童益智拼图', 6, '乐高', 199.00, 200, 1, NOW(), NOW()),
       ('4K 投影仪', 1, '明基', 3999.00, 80, 1, NOW(), NOW()),
       ('女士时尚手表', 2, 'DW', 1299.00, 150, 1, NOW(), NOW()),
       ('专业跑步鞋', 7, 'ASICS', 899.00, 100, 1, NOW(), NOW()),
       ('厨房净水器', 4, '3M', 1299.00, 60, 1, NOW(), NOW()),
       ('经典小说套装', 3, '人民文学出版社', 199.00, 500, 1, NOW(), NOW()),
       ('蓝牙运动耳机', 1, 'JBL', 399.00, 250, 1, NOW(), NOW()),
       ('家用榨汁机', 4, 'Philips', 799.00, 100, 1, NOW(), NOW()),
       ('女士羽绒马甲', 2, 'ONLY', 399.00, 180, 1, NOW(), NOW()),
       ('进口牛排礼盒', 5, '西冷', 299.00, 100, 1, NOW(), NOW()),
       ('学生学习桌', 4, '宜家', 599.00, 80, 1, NOW(), NOW()),
       ('智能手环 SE', 1, '华为', 299.00, 300, 1, NOW(), NOW()),
       ('户外帐篷 3人', 7, 'Coleman', 999.00, 50, 1, NOW(), NOW()),
       ('婴儿安抚奶嘴', 6, 'Philips', 59.00, 500, 1, NOW(), NOW()),
       ('儿童彩色水笔 24色', 6, '斑马', 49.00, 400, 1, NOW(), NOW()),
       ('无线充电宝 20000mAh', 1, 'Anker', 299.00, 200, 1, NOW(), NOW()),
       ('节能LED台灯', 4, '飞利浦', 129.00, 150, 1, NOW(), NOW()),
       ('爆款运动紧身裤', 2, 'Under Armour', 199.00, 200, 1, NOW(), NOW());

-- 获取新插入的 product_id 范围：假设当前自增到 50，则接下来是 51–70

-- 为每个新商品生成 2~3 个 SKU
INSERT INTO `productskus` (`product_id`, `sku_code`, `attributes`, `price`, `stock`, `created_at`, `updated_at`)
VALUES (51, 'SPEAKER-BLK', '{
  "color": "黑色"
}', 499.00, 120, NOW(), NOW()),
       (51, 'SPEAKER-WHT', '{
         "color": "白色"
       }', 499.00, 80, NOW(), NOW()),
       (52, 'BACKPACK-40L-BLK', '{
         "color": "黑色",
         "capacity": "40L"
       }', 699.00, 60, NOW(), NOW()),
       (53, 'TEA-500ML', '{
         "flavor": "绿茶"
       }', 5.00, 1000, NOW(), NOW()),
       (54, 'PUZZLE-1000PCS', '{
         "pieces": "1000"
       }', 199.00, 150, NOW(), NOW()),
       (55, 'PROJECTOR-4K', '{
         "resolution": "4K"
       }', 3999.00, 50, NOW(), NOW()),
       (56, 'WATCH-ROSE', '{
         "color": "玫瑰金"
       }', 1299.00, 100, NOW(), NOW()),
       (56, 'WATCH-SILVER', '{
         "color": "银色"
       }', 1299.00, 50, NOW(), NOW()),
       (57, 'RUNSHOE-MZ', '{
         "size": "42"
       }', 899.00, 50, NOW(), NOW()),
       (58, 'WATERFILTER-3M', '{
         "capacity": "2L/min"
       }', 1299.00, 30, NOW(), NOW()),
       (59, 'BOOKSET-CLASSICS', '{
         "count": "10"
       }', 199.00, 200, NOW(), NOW()),
       (60, 'EARPHONES-JBL-BLK', '{
         "color": "黑色"
       }', 399.00, 150, NOW(), NOW()),
       (61, 'JUICER-PHILIPS', '{
         "power": "800W"
       }', 799.00, 80, NOW(), NOW()),
       (62, 'VEST-ONLY-XL', '{
         "size": "XL"
       }', 399.00, 60, NOW(), NOW()),
       (63, 'STEAKBOX-1KG', '{
         "weight": "1kg"
       }', 299.00, 50, NOW(), NOW()),
       (64, 'DESK-IKEA', '{
         "size": "120x60cm"
       }', 599.00, 40, NOW(), NOW()),
       (65, 'BAND-SE-BLK', '{
         "color": "黑色"
       }', 299.00, 200, NOW(), NOW()),
       (66, 'TENT-3P', '{
         "capacity": "3人"
       }', 999.00, 25, NOW(), NOW()),
       (67, 'PACIFIER-PHILIPS', '{
         "type": "安抚奶嘴"
       }', 59.00, 300, NOW(), NOW()),
       (68, 'PEN24-CLR', '{
         "count": "24色"
       }', 49.00, 200, NOW(), NOW()),
       (69, 'PWRBANK-20000', '{
         "capacity": "20000mAh"
       }', 299.00, 200, NOW(), NOW()),
       (70, 'DESKLAMP-LED', '{
         "type": "护眼"
       }', 129.00, 100, NOW(), NOW());

-- 为每个商品添加三张图片（1 张主图 + 2 张附图）
INSERT INTO `productimages` (`product_id`, `image_url`, `is_main`, `sort_order`, `created_at`)
VALUES
-- 产品 51：智能语音音箱 Pro
(51, '/images/智能语音音箱.png', 1, 0, NOW()),
(51, '/images/智能语音音箱黑1.jpeg', 0, 1, NOW()),
(51, '/images/智能语音音箱黑2.jpeg', 0, 2, NOW()),
-- 产品 52：户外运动背包 40L
(52, '/images/户外运动背包.jpeg', 1, 0, NOW()),
(52, '/images/户外运动背包.jpeg', 0, 1, NOW()),
(52, '/images/户外运动背包.jpeg', 0, 2, NOW()),
-- 产品 53：无糖绿茶饮料 500ml
(53, '/images/liangpin.jpeg', 1, 0, NOW()),
(53, '/images/liangpin.jpeg', 0, 1, NOW()),
(53, '/images/sanzhisongshu.jpeg', 0, 2, NOW()),
-- 产品 54：儿童益智拼图
(54, '/images/Python入门.jpeg', 1, 0, NOW()),
(54, '/images/区块链技术应用.jpeg', 0, 1, NOW()),
(54, '/images/云计算实战.jpeg', 0, 2, NOW()),
-- 产品 55：4K 投影仪
(55, '/images/NikonZ6II.jpeg', 1, 0, NOW()),
(55, '/images/SonyA7IV.jpeg', 0, 1, NOW()),
(55, '/images/xiaomiultra.jpeg', 0, 2, NOW()),
-- 产品 56：女士时尚手表
(56, '/images/AppleWatchSeries8.jpeg', 1, 0, NOW()),
(56, '/images/XiaomiMiWatchColor.jpeg', 0, 1, NOW()),
(56, '/images/HuaweiWatchGT3.jpeg', 0, 2, NOW()),
-- 产品 57：专业跑步鞋
(57, '/images/Nikeclothes.jpeg', 1, 0, NOW()),
(57, '/images/Adidasclothes.jpeg', 0, 1, NOW()),
(57, '/images/Pumaclothes.jpeg', 0, 2, NOW()),
-- 产品 58：厨房净水器
(58, '/images/净水器.jpeg', 1, 0, NOW()),
(58, '/images/净水器.jpeg', 0, 1, NOW()),
(58, '/images/净水器.jpeg', 0, 2, NOW()),
-- 产品 59：经典小说套装
(59, '/images/santi.jpeg', 1, 0, NOW()),
(59, '/images/Python入门.jpeg', 0, 1, NOW()),
(59, '/images/区块链技术应用.jpeg', 0, 2, NOW()),
-- 产品 60：蓝牙运动耳机
(60, '/images/蓝牙运动耳机.jpeg', 1, 0, NOW()),
(60, '/images/蓝牙运动耳机.jpeg', 0, 1, NOW()),
(60, '/images/蓝牙运动耳机.jpeg', 0, 2, NOW()),
-- 产品 61：家用榨汁机
(61, '/images/机器学习实战.jpeg', 1, 0, NOW()),
(61, '/images/深度学习基础.jpeg', 0, 1, NOW()),
(61, '/images/人工智能原理.jpeg', 0, 2, NOW()),
-- 产品 62：女士羽绒马甲
(62, '/images/jacket.jpeg', 1, 0, NOW()),
(62, '/images/dress.png', 0, 1, NOW()),
(62, '/images/jacket.jpeg', 0, 2, NOW()),
-- 产品 63：进口牛排礼盒
(63, '/images/Oishi薯片.jpeg', 1, 0, NOW()),
(63, '/images/sanzhisongshu.jpeg', 0, 1, NOW()),
(63, '/images/Oishi薯片.jpeg', 0, 2, NOW()),
-- 产品 64：学生学习桌
(64, '/images/HPElitex2.jpeg', 1, 0, NOW()),
(64, '/images/DellLatitude7220.jpeg', 0, 1, NOW()),
(64, '/images/MicrosoftSurfacePro8.jpeg', 0, 2, NOW()),
-- 产品 65：智能手环 SE
(65, '/images/AmazfitGTR3.jpeg', 1, 0, NOW()),
(65, '/images/SamsungGalaxyWatch5.jpeg', 0, 1, NOW()),
(65, '/images/FossilGen6.jpeg', 0, 2, NOW()),
-- 产品 66：户外帐篷 3人
(66, '/images/物联网技术解析.jpeg', 1, 0, NOW()),
(66, '/images/虚拟现实与增强现实.jpeg', 0, 1, NOW()),
(66, '/images/网络安全指南.jpeg', 0, 2, NOW()),
-- 产品 67：婴儿安抚奶嘴
(67, '/images/婴儿安抚奶嘴.png', 1, 0, NOW()),
(67, '/images/婴儿安抚奶嘴.png', 0, 1, NOW()),
(67, '/images/婴儿安抚奶嘴.png', 0, 2, NOW()),
-- 产品 68：儿童彩色水笔 24色
(68, '/images/数据结构与算法分析.jpeg', 1, 0, NOW()),
(68, '/images/Python入门.jpeg', 0, 1, NOW()),
(68, '/images/云计算实战.jpeg', 0, 2, NOW()),
-- 产品 69：无线充电宝 20000mAh
(69, '/images/huawei.jpeg', 1, 0, NOW()),
(69, '/images/xiaomiultra.jpeg', 0, 1, NOW()),
(69, '/images/iphone14.jpeg', 0, 2, NOW()),
-- 产品 70：节能LED台灯
(70, '/images/LGGPadX.jpeg', 1, 0, NOW()),
(70, '/images/SonyXperiaTabletZ4.jpeg', 0, 1, NOW()),
(70, '/images/ToshibaPortegeM10.jpeg', 0, 2, NOW());

-- 添加 productdetails
INSERT INTO `productdetails` (`product_id`, `description`, `specifications`, `created_at`, `updated_at`)
VALUES (51, '智能语音音箱 Pro，支持多平台语音助手，音质升级。',
        '{"音质":"Hi‑Fi","语音":"双麦克风远场","连接":"Wi-Fi/Bluetooth"}', NOW(), NOW()),
       (52, '户外运动背包 40L，防水耐磨，专业登山设计。', '{"容量":"40L","防水":"IPX5","材质":"600D牛津布"}', NOW(),
        NOW()),
       (53, '无糖绿茶饮料，清新解渴，茶香浓郁。', '{"容量":"500ml","无糖":"是","保质期":"12个月"}', NOW(), NOW()),
       (54, '儿童益智拼图 1000 片，动手益智，亲子互动。', '{"片数":"1000","适合年龄":"6+"}', NOW(), NOW()),
       (55, '4K 投影仪，亮度高，智能系统内置。', '{"分辨率":"3840x2160","亮度":"3500流明","接口":"HDMI/USB"}', NOW(),
        NOW()),
       (56, '女士时尚手表，轻薄表壳，简约风格。', '{"表盘":"36mm","防水":"5ATM","材质":"316L 精钢"}', NOW(), NOW()),
       (57, '专业跑步鞋，缓冲减震，透气耐磨。', '{"尺码":"38-45","技术":"Gel缓震"}', NOW(), NOW()),
       (58, '厨房净水器，直饮级净化，安装简易。', '{"过滤":"复合滤芯","流量":"2L/min"}', NOW(), NOW()),
       (59, '经典小说套装，包含多册文学名著。', '{"册数":"10册","装帧":"精装"}', NOW(), NOW()),
       (60, '蓝牙运动耳机，防水设计，续航10小时。', '{"防水":"IPX7","续航":"10h"}', NOW(), NOW()),
       (61, '家用榨汁机，低噪音，高效榨汁。', '{"功率":"800W","材质":"不锈钢"}', NOW(), NOW()),
       (62, '女士羽绒马甲，轻盈保暖，简约百搭。', '{"填充":"90%白鹅绒","尺码":"S‑XL"}', NOW(), NOW()),
       (63, '进口牛排礼盒，精选西冷部位，真空锁鲜。', '{"重量":"1kg","切割":"西冷"}', NOW(), NOW()),
       (64, '学生学习桌，宽大桌面，高度可调。', '{"尺寸":"120×60cm","材质":"实木"}', NOW(), NOW()),
       (65, '智能手环 SE，心率监测，睡眠分析。', '{"屏幕":"1.47寸","功能":"心率/步数"}', NOW(), NOW()),
       (66, '户外帐篷 3人，防水抗风，透气窗设计。', '{"适用":"3人","防水":"3000mm"}', NOW(), NOW()),
       (67, '婴儿安抚奶嘴，医用级硅胶，柔软呵护。', '{"材质":"硅胶","适用":"0‑6个月"}', NOW(), NOW()),
       (68, '儿童彩色水笔 24 色，无毒环保。', '{"色数":"24色","材质":"无毒"}', NOW(), NOW()),
       (69, '无线充电宝 20000mAh，双向快充。', '{"容量":"20000mAh","接口":"USB‑C/USB‑A"}', NOW(), NOW()),
       (70, '节能LED台灯，护眼灯珠，三档亮度调节。', '{"亮度":"三档","色温":"3000‑6000K"}', NOW(), NOW());

-- 随机给商品打上标签（从 tag_id 1~5 中随机分配 1~2 个）
INSERT INTO `producttagrelations` (`product_id`, `tag_id`)
VALUES (51, 1),
       (51, 3),
       (52, 2),
       (53, 5),
       (54, 1),
       (54, 2),
       (55, 4),
       (56, 3),
       (56, 5),
       (57, 2),
       (58, 5),
       (59, 1),
       (59, 4),
       (60, 2),
       (61, 3),
       (62, 4),
       (63, 1),
       (63, 5),
       (64, 2),
       (65, 3),
       (66, 4),
       (66, 5),
       (67, 1),
       (68, 2),
       (68, 5),
       (69, 3),
       (70, 4);
